日期,股票代码,名称,收盘价,最高价,最低价,开盘价,前收盘,涨跌额,涨跌幅,换手率,成交量,成交金额,总市值,流通市值,Unnamed: 15
2003/1/5,'600030,N 中  信,0,0,0,0,4.5,None,None,None,0,0,0,0,
2003/1/12,'600030,中信证券,6.21,6.46,4.81,5.53,5.87,0.34,5.7922,51.5984,641810641,3594779616,0.258638179,2484000000,
2003/1/19,'600030,中信证券,6.55,6.98,6.1,6.3,6.81,-0.26,-3.8179,16.3397,527676476,3461988212,0.212644157,2620000000,
2003/1/26,'600030,中信证券,6.97,7.14,6.43,6.48,6.5,0.47,7.2308,23.1768,268325848,1808748159,0.108130505,2788000000,
2003/2/2,'600030,中信证券,6.91,7.09,6.81,6.94,7.04,-0.13,-1.8466,7.4053,95061310,662388555,0.038308003,2764000000,
2003/2/16,'600030,中信证券,6.94,7.19,6.72,6.9,6.92,0.02,0.289,3.9991,108378419,751702762,0.043674559,2776000000,
2003/2/23,'600030,中信证券,6.7,7.03,6.67,6.94,6.87,-0.17,-2.4745,6.2989,89804710,615556568,0.036189688,2680000000,
2003/3/2,'600030,中信证券,6.87,6.98,6.69,6.7,6.87,0,0,1.9015,60160959,412457677,0.024243788,2748000000,
2003/3/9,'600030,中信证券,6.77,7.13,6.76,6.86,6.81,-0.04,-0.5874,1.9154,79790014,553422681,0.032153945,2708000000,
2003/3/16,'600030,中信证券,6.48,6.83,6.47,6.78,6.49,-0.01,-0.1541,1.3282,41364827,273698043,0.016669283,2592000000,
2003/3/23,'600030,中信证券,6.6,6.68,6.42,6.48,6.6,0,0,1.3025,38102248,250539699,0.015354523,2640000000,
2003/3/30,'600030,中信证券,6.66,6.81,6.16,6.6,6.63,0.03,0.4525,8.0476,114429183,745347146,0.046112909,2664000000,
2003/4/6,'600030,中信证券,7.21,7.31,6.63,6.66,7.05,0.16,2.2695,7.5249,149743212,1053749213,0.060343829,2884000000,
2003/4/13,'600030,中信证券,8.11,8.32,7.15,7.15,8.06,0.05,0.6203,10.8203,260785838,2050586412,0.105092016,3244000000,
2003/4/20,'600030,中信证券,8.21,9.28,8.1,8.11,8.5,-0.29,-3.4118,7.0928,207431349,1784504966,0.083591114,3284000000,
2003/4/27,'600030,中信证券,7.55,8.18,7.39,8.15,7.6,-0.05,-0.6579,5.6737,142519542,1103225407,0.05743282,3020000000,
2003/5/4,'600030,中信证券,8.21,8.48,7.4,7.51,8.12,0.09,1.1084,8.6476,130683025,1061020635,0.052662916,3284000000,
2003/5/18,'600030,中信证券,8.46,8.66,7.95,8.21,8.38,0.08,0.9547,4.4841,118658122,989512311,0.047817095,3384000000,
2003/5/25,'600030,中信证券,8.39,8.56,8.06,8.48,8.34,0.05,0.5995,7.5503,79174934,659512860,0.031906079,3356000000,
2003/6/1,'600030,中信证券,8.47,8.81,8.23,8.4,8.5,-0.03,-0.3529,3.4777,115295239,984987229,0.046461914,3388000000,
2003/6/8,'600030,中信证券,8.07,8.63,8.04,8.45,8.34,-0.27,-3.2374,4.3476,51834087,432603442,0.020888208,3228000000,
2003/6/15,'600030,中信证券,8.19,8.27,7.86,8.01,8.13,0.06,0.738,1.2463,39710254,319999613,0.01600252,3276000000,
2003/6/22,'600030,中信证券,7.97,8.28,7.92,8.22,8.09,-0.12,-1.4833,1.6827,26394962,214109395,0.010636696,3188000000,
2003/6/29,'600030,中信证券,7.59,7.96,7.52,7.92,7.79,-0.2,-2.5674,0.9826,34609803,267619076,0.01394713,3036000000,
2003/7/6,'600030,中信证券,7.69,7.88,7.52,7.56,7.8,-0.11,-1.4103,1.0059,28399029,219613160,0.011444299,3076000000,
2003/7/13,'600030,中信证券,7.69,7.87,0,0,7.81,-0.12,-1.5365,2.0125,30073276,231848183,0.012118991,3076000000,
2003/7/20,'600030,中信证券,7.86,8.21,7.57,7.69,8.11,-0.25,-3.0826,4.4582,53226213,422155431,0.021449209,3144000000,
2003/7/27,'600030,中信证券,7.59,8.1,7.51,7.85,7.8,-0.21,-2.6923,1.8682,32202514,252315323,0.012977036,3036000000,
2003/8/3,'600030,中信证券,7.34,7.56,7.18,7.52,7.3,0.04,0.5479,0.8851,25598972,187344023,0.010315927,2936000000,
2003/8/10,'600030,中信证券,7.49,7.93,7.28,7.33,7.65,-0.16,-2.0915,1.3587,34164467,259614705,0.013767668,2996000000,
2003/8/17,'600030,中信证券,7.7,7.89,7.45,7.47,7.54,0.16,2.122,2.9653,40857122,314991012,0.016464687,3080000000,
2003/8/24,'600030,中信证券,7.64,7.74,7.41,7.64,7.59,0.05,0.6588,0.9101,19931325,150907886,0.008031967,3056000000,
2003/8/31,'600030,中信证券,7.75,7.8,7.48,7.55,7.48,0.27,3.6096,2.5587,22586211,172581564,0.009101838,3100000000,
2003/9/7,'600030,中信证券,7.58,7.96,7.52,7.89,7.75,-0.17,-2.1935,1.136,41367946,323823022,0.01667054,3032000000,
2003/9/14,'600030,中信证券,7.67,7.9,7.48,7.55,7.87,-0.2,-2.5413,0.8757,19110826,147845022,0.00770132,3068000000,
2003/9/21,'600030,中信证券,7.9,7.95,7.51,7.67,7.79,0.11,1.4121,2.0396,26904133,208411499,0.010841883,3160000000,
2003/9/28,'600030,中信证券,7.77,8.1,7.74,7.92,7.84,-0.07,-0.8929,0.9623,38560213,306295543,0.015539074,3108000000,
2003/10/5,'600030,中信证券,7.23,7.83,6.92,7.75,7.69,-0.46,-5.9818,5.6535,27368692,200895349,0.011029092,2892000000,
2003/10/12,'600030,中信证券,7.27,7.35,6.95,7.15,7.03,0.24,3.4139,1.7594,16545047,117406952,0.006667357,2908000000,
2003/10/19,'600030,中信证券,6.97,7.31,0,7.27,7.05,-0.08,-1.1348,0.8532,14641736,103734557,0.005900357,2788000000,
2003/10/26,'600030,中信证券,6.82,7.12,6.51,6.97,6.94,-0.12,-1.7291,1.3928,34136749,233379138,0.013756498,2728000000,
2003/11/2,'600030,中信证券,6.74,7.18,6.64,7.03,6.78,-0.04,-0.59,1.1092,28330026,196369223,0.011416492,2696000000,
2003/11/9,'600030,中信证券,7,7.3,6.68,6.7,7.06,-0.06,-0.8499,1.149,41645149,295083870,0.016782248,2800000000,
2003/11/16,'600030,中信证券,6.64,7,6.5,7,6.58,0.06,0.9119,1.2464,22328256,149439701,0.008997887,2656000000,
2003/11/23,'600030,中信证券,6.71,7.03,0,0,6.96,-0.25,-3.592,2.5519,38328137,257660601,0.015445552,2684000000,
2003/11/30,'600030,中信证券,7.1,7.69,6.74,6.75,7.02,0.08,1.1396,1.0713,70816564,512905919,0.028537805,2840000000,
2003/12/7,'600030,中信证券,7.45,7.55,7.07,7.1,7.42,0.03,0.4043,1.7049,45298954,333695926,0.018254666,2980000000,
2003/12/14,'600030,中信证券,7.46,7.62,7.12,7.45,7.46,0,0,1.9046,34953170,258052578,0.014085501,2984000000,
2003/12/21,'600030,中信证券,7.3,7.59,7.12,7.47,7.26,0.04,0.551,3.0433,37485526,276178540,0.015105995,2920000000,
2003/12/28,'600030,中信证券,7.77,7.96,7.25,7.3,7.78,-0.01,-0.1285,2.189,90620804,698298523,0.036518559,3108000000,
2004/1/4,'600030,中信证券,7.98,8.09,7.68,7.75,7.81,0.17,2.1767,3.3913,48907037,385939418,0.019708659,3192000000,
2004/1/11,'600030,中信证券,8.3,8.8,7.97,8,8.67,-0.37,-4.2676,5.3608,115280527,975601427,0.046455985,3320000000,
2004/1/18,'600030,中信证券,8.27,8.65,8,8.27,8.19,0.08,0.9768,1.9359,49432600,411656225,0.019920451,3308000000,
2004/2/1,'600030,中信证券,8.28,8.7,8.21,8.7,8.6,-0.32,-3.7209,2.1635,22587733,191283678,0.009102451,3312000000,
2004/2/8,'600030,中信证券,10.25,10.53,8.81,9.11,10.31,-0.06,-0.582,8.497,310877052,2982484957,0.125277877,4100000000,
2004/2/15,'600030,中信证券,9.82,10.67,9.8,10.26,9.96,-0.14,-1.4056,4.8202,108510911,1113890203,0.043727951,3928000000,
2004/2/22,'600030,中信证券,10.29,10.48,9.8,9.82,10.25,0.04,0.3902,3.69,71549047,727482298,0.028832983,4116000000,
2004/2/29,'600030,中信证券,9.78,10.4,9.39,10.31,9.58,0.2,2.0877,1.8969,53194083,519461043,0.021436262,3912000000,
2004/3/7,'600030,中信证券,9.36,10.28,9.24,9.78,9.38,-0.02,-0.2132,1.0942,44256247,427489612,0.017834474,3744000000,
2004/3/14,'600030,中信证券,9.37,9.42,8.88,9.36,9.36,0.01,0.1068,1.9304,36066601,331626191,0.014534193,3748000000,
2004/3/21,'600030,中信证券,9.66,9.86,9.32,9.36,9.45,0.21,2.2222,1.435,37700571,363002807,0.015192654,3864000000,
2004/3/28,'600030,中信证券,9.51,9.9,9.43,9.7,9.58,-0.07,-0.7307,1.0714,26986674,261337218,0.010875146,3804000000,
2004/4/4,'600030,中信证券,9.61,9.64,9.11,9.51,9.55,0.06,0.6283,1.2126,31655873,296502225,0.012756749,3844000000,
2004/4/11,'600030,中信证券,9.22,9.85,9.17,9.61,9.58,-0.36,-3.7578,2.1048,36970186,353996703,0.014898322,3688000000,
2004/4/18,'600030,中信证券,8.68,9.3,8.5,9.1,8.64,0.04,0.463,1.3116,23942622,212738204,0.009648447,3472000000,
2004/4/25,'600030,中信证券,8.31,8.77,8.28,8.73,8.57,-0.26,-3.0338,0.8676,19960524,168862168,0.008043733,3324000000,
2004/5/2,'600030,中信证券,7.7,8.42,0,8.4,7.6,0.1,1.3158,1.4379,21317115,167596227,0.008590415,3080000000,
2004/5/16,'600030,中信证券,7.41,7.77,7.24,7.7,7.66,-0.25,-3.2637,0.7746,17166447,129225770,0.00691777,2964000000,
2004/5/23,'600030,中信证券,7.71,7.87,7.33,7.38,7.72,-0.01,-0.1295,0.7339,23046542,176706444,0.009287343,3084000000,
2004/5/30,'600030,中信证券,7.6,7.85,7.29,7.73,7.72,-0.12,-1.5544,2.1441,24914982,189334204,0.010040291,3040000000,
2004/6/6,'600030,中信证券,7.71,7.94,7.52,7.62,7.64,0.07,0.9162,1.3125,30574524,236818877,0.012320985,3084000000,
2004/6/13,'600030,XD中信证,6.95,7.67,6.94,7.6,7.05,-0.1,-1.4184,0.8525,21101009,153794210,0.008503328,2780000000,
2004/6/20,'600030,中信证券,7.18,7.65,6.6,7,7.15,0.03,0.4196,1.6741,53158407,385141946,0.021421885,2872000000,
2004/6/27,'600030,中信证券,7.16,7.58,6.82,7.15,7.17,-0.01,-0.1395,1.719,32056831,229075753,0.012918328,2864000000,
2004/7/4,'600030,中信证券,7.25,7.36,6.6,7.1,7.27,-0.02,-0.2751,1.2817,35324867,249794712,0.014235288,2900000000,
2004/7/11,'600030,中信证券,7.4,7.58,7.2,7.24,7.35,0.05,0.6803,2.2309,25254497,186469566,0.010177109,2960000000,
2004/7/18,'600030,中信证券,7.02,7.21,6.64,7.2,6.74,0.28,4.1543,3.754,45053722,310586447,0.018155842,2808000000,
2004/7/25,'600030,中信证券,6.86,7.16,6.72,7.02,6.8,0.06,0.8824,0.5848,19390989,135116528,0.007814221,2744000000,
2004/8/1,'600030,中信证券,6,6.8,5.79,6.8,6.05,-0.05,-0.8264,1.0367,38336800,234734615,0.015449043,2400000000,
2004/8/8,'600030,中信证券,6.03,6.4,5.77,5.9,6.05,-0.02,-0.3306,0.6623,21176715,128423287,0.008533836,2412000000,
2004/8/15,'600030,中信证券,6.11,6.38,5.89,6.01,6.03,0.08,1.3267,3.009,25484493,156530588,0.010269794,2444000000,
2004/8/22,'600030,中信证券,6,6.3,5.87,6.06,6.09,-0.09,-1.4778,1.1013,22075050,135240611,0.008895849,2400000000,
2004/8/29,'600030,中信证券,5.96,6.19,5.8,6,6.04,-0.08,-1.3245,0.4631,10818459,65502228,0.004359645,2384000000,
2004/9/5,'600030,中信证券,6.65,6.85,5.9,5.95,6.73,-0.08,-1.1887,3.4887,83271240,542376422,0.033556816,2660000000,
2004/9/12,'600030,中信证券,6.44,6.69,6.3,6.63,6.36,0.08,1.2579,1.4438,53037757,344890255,0.021373265,2576000000,
2004/9/19,'600030,中信证券,7.14,7.25,6.32,6.36,7,0.14,2,7.3354,108780641,750272875,0.043836648,2856000000,
2004/9/26,'600030,中信证券,7.2,7.7,7.07,7.25,7.4,-0.2,-2.7027,5.9169,89474231,657987762,0.036056511,2880000000,
2004/10/3,'600030,中信证券,6.77,7.44,6.7,7.4,7.01,-0.24,-3.4237,1.9127,26553430,186633306,0.010700556,2708000000,
2004/10/10,'600030,中信证券,6.91,6.92,6.46,6.78,6.77,0.14,2.0679,1.9958,7983249,53008183,0.003217106,2764000000,
2004/10/17,'600030,中信证券,6.68,7.33,6.57,6.9,6.7,-0.02,-0.2985,1.2184,55836881,390794074,0.022501262,2672000000,
2004/10/24,'600030,中信证券,7.2,7.37,6.63,6.7,7.09,0.11,1.5515,3.4997,60192506,427054142,0.024256501,2880000000,
2004/10/31,'600030,中信证券,6.83,7.36,6.78,7.3,7.16,-0.33,-4.6089,2.0507,41998499,297227188,0.016924642,2732000000,
2004/11/7,'600030,中信证券,6.81,7.14,6.63,6.8,6.7,0.11,1.6418,2.0356,24022247,164319327,0.009680535,2724000000,
2004/11/14,'600030,中信证券,7.17,7.43,6.73,6.81,7.17,0,0,1.4551,38185589,274679509,0.015388108,2868000000,
2004/11/21,'600030,中信证券,7.26,7.31,7.02,7.2,7.1,0.16,2.2535,1.4022,19341774,138586319,0.007794388,2904000000,
2004/11/28,'600030,中信证券,7.15,7.33,7.04,7.29,7.25,-0.1,-1.3793,0.9082,29085823,208393514,0.011721065,2860000000,
2004/12/5,'600030,中信证券,6.68,7.15,6.5,7.13,6.65,0.03,0.4511,0.8448,20537804,138795776,0.008276367,2672000000,
2004/12/12,'600030,中信证券,6.38,6.78,6.36,6.65,6.6,-0.22,-3.3333,0.6623,13354366,87629821,0.00538157,2552000000,
2004/12/19,'600030,中信证券,6.07,6.4,5.99,6.36,6.16,-0.09,-1.461,0.5126,14401067,88745416,0.005803372,2428000000,
2004/12/26,'600030,中信证券,6.01,6.25,5.96,6.02,6.06,-0.05,-0.8251,1.3561,21469012,130838239,0.008651627,2404000000,
2005/1/2,'600030,中信证券,5.91,6.05,5.85,6.01,5.89,0.02,0.3396,0.4726,13740355,81496636,0.005537117,2364000000,
2005/1/9,'600030,中信证券,5.99,6.07,5.68,5.89,5.98,0.01,0.1672,0.8104,12253770,72938079,0.00493805,2396000000,
2005/1/16,'600030,中信证券,5.89,6.1,5.8,6,5.95,-0.06,-1.0084,0.5107,12097889,72605975,0.004875232,2356000000,
2005/1/23,'600030,中信证券,5.49,5.7,5.15,5.7,5.28,0.21,3.9773,1.8603,28572981,153326625,0.011514399,2196000000,
2005/1/30,'600030,中信证券,5.28,5.75,5.26,5.7,5.4,-0.12,-2.2222,0.4899,17427132,96321491,0.007022822,2112000000,
2005/2/6,'600030,中信证券,5.59,5.64,4.85,5.15,5.32,0.27,5.0752,2.1649,35040120,186121948,0.01412054,2236000000,
2005/2/20,'600030,中信证券,5.48,5.73,5.45,5.62,5.54,-0.06,-1.083,0.716,11445242,63906354,0.004612227,2192000000,
2005/2/27,'600030,中信证券,5.66,5.82,5.48,5.48,5.74,-0.08,-1.3937,1.6158,25925009,148105013,0.010447314,2264000000,
2005/3/6,'600030,中信证券,5.55,5.71,5.48,5.62,5.59,-0.04,-0.7156,0.4482,17993998,100828697,0.007251259,2220000000,
2005/3/13,'600030,中信证券,5.18,5.72,5.12,5.55,5.31,-0.13,-2.4482,2.0079,24787474,134360886,0.009988908,2072000000,
2005/3/20,'600030,中信证券,5.01,5.26,5,5.18,5.01,0,0,0.7577,16602873,84966213,0.00669066,2004000000,
2005/3/27,'600030,中信证券,4.59,5.06,4.55,5.04,4.67,-0.08,-1.7131,0.7255,17139644,81189161,0.006906969,1836000000,
2005/4/3,'600030,中信证券,4.71,4.71,4.17,4.58,4.28,0.43,10.0467,4.3903,37962691,167335550,0.015298284,1884000000,
2005/4/10,'600030,中信证券,5.16,5.31,4.52,4.63,5.11,0.05,0.9785,2.6441,99221076,487467274,0.039984314,2064000000,
2005/4/17,'600030,中信证券,5.06,5.49,4.81,5.16,5.21,-0.15,-2.8791,3.1776,91876293,479318457,0.037024498,2024000000,
2005/4/24,'600030,中信证券,4.71,5.19,4.66,5,4.9,-0.19,-3.8776,2.2637,44936038,223387773,0.018108417,1884000000,
2005/5/1,'600030,中信证券,5.34,5.57,4.57,4.71,5.37,-0.03,-0.5587,3.1364,78982763,411255266,0.031828637,2136000000,
2005/5/15,'600030,中信证券,5.2,5.57,5.09,5.38,5.32,-0.12,-2.2556,2.4079,54091502,289890771,0.021797905,2080000000,
2005/5/22,'600030,中信证券,5.4,5.55,5.16,5.2,5.29,0.11,2.0794,3.9279,40932933,219035847,0.016495238,2160000000,
2005/5/29,'600030,中信证券,5.17,5.56,0,0,5.23,-0.06,-1.1472,1.3907,32008294,171809823,0.012898768,2068000000,
2005/6/5,'600030,中信证券,4.81,5.28,4.68,5.16,4.74,0.07,1.4768,1.2453,30994680,153984614,0.0124903,1924000000,
2005/6/12,'600030,中信证券,6.16,6.56,4.74,4.81,6.01,0.15,2.4958,25.456,156957095,946072954,0.063250895,2464000000,
2005/6/19,'600030,中信证券,5.92,6.33,5.73,6.2,5.96,-0.04,-0.6711,5.8639,172631974,1035711668,0.06956759,2368000000,
2005/6/26,'600030,中信证券,0,0,0,0,5.92,None,None,0,0,0,0,2368000000,
2005/7/3,'600030,中信证券,0,0,0,0,5.92,None,None,0,0,0,0,2368000000,
2005/7/10,'600030,中信证券,5.42,5.87,0,0,5.38,0.04,0.7435,3.2119,66832445,362413364,0.026932277,2168000000,
2005/7/17,'600030,XD中信证,5.86,6.06,5.25,5.61,5.83,0.03,0.5146,4.0015,121728121,710656281,0.04905425,2344000000,
2005/7/24,'600030,中信证券,6.09,6.29,5.77,5.86,5.97,0.12,2.0101,6.0482,79340293,475986097,0.031972715,2436000000,
2005/7/31,'600030,中信证券,0,6.38,0,6.06,6.25,None,None,0,60769737,378222208,0,2500000000,
2005/8/7,'600030,中信证券,0,0,0,0,6.25,None,None,0,0,0,0,2500000000,
2005/8/14,'600030,中信证券,0,0,0,0,6.25,None,None,0,0,0,0,2500000000,
2005/8/21,'600030,G 中  信,4.91,5.4,4.83,5.4,4.94,-0.03,-0.6073,3.2546,240549059,1228755896,0.096936957,2651400000,
2005/8/28,'600030,G 中  信,4.93,5.07,4.7,4.91,4.84,0.09,1.8595,3.8742,95559910,468036034,0.03850893,2662200000,
2005/9/4,'600030,G 中  信,4.94,5.12,4.82,4.94,4.98,-0.04,-0.8032,2.4552,99388156,493877430,0.040051645,2667600000,
2005/9/11,'600030,G 中  信,4.93,5.12,4.88,4.92,5.01,-0.08,-1.5968,1.6445,73285003,366459650,0.029532542,2662200000,
2005/9/18,'600030,G 中  信,5.1,5.22,0,0,5.14,-0.04,-0.7782,1.6982,80458992,410106832,0.032423531,2754000000,
2005/9/25,'600030,G 中  信,5.25,5.37,4.95,5.13,5.1,0.15,2.9412,5.8444,126685533,656912027,0.051051998,2835000000,
2005/10/2,'600030,G 中  信,5.3,5.54,5.2,5.41,5.28,0.02,0.3788,2.95,156596265,842208385,0.063105487,2862000000,
2005/10/16,'600030,G 中  信,4.95,5.33,4.94,5.3,5.16,-0.21,-4.0698,2.8368,62796821,324078148,0.025305993,2673000000,
2005/10/23,'600030,G 中  信,5.02,5.14,4.78,4.94,4.96,0.06,1.2097,3.3846,72926944,359136149,0.029388251,2710800000,
2005/10/30,'600030,G 中  信,4.46,5.02,4.34,4.98,4.37,0.09,2.0595,1.3793,58251492,268927566,0.023474307,2408400000,
2005/11/6,'600030,G 中  信,4.5,4.55,4.35,4.4,4.46,0.04,0.8969,0.9553,31405606,140140994,0.012655896,2430000000,
2005/11/13,'600030,G 中  信,4.48,4.56,4.33,4.5,4.41,0.07,1.5873,1.3515,29636600,132507118,0.011943018,2419200000,
2005/11/20,'600030,G 中  信,4.69,4.71,4.38,4.5,4.59,0.1,2.1786,2.8485,44837964,205097120,0.018068895,2532600000,
2005/11/27,'600030,G 中  信,4.89,4.9,4.51,4.69,4.7,0.19,4.0426,4.1931,62654169,296827847,0.025248507,2640600000,
2005/12/4,'600030,G 中  信,4.85,5.01,4.78,4.93,4.85,0,0,1.3635,65255289,319785012,0.026296711,2619000000,
2005/12/11,'600030,G 中  信,5.05,5.07,4.7,4.81,4.93,0.12,2.4341,2.5726,52401519,257889353,0.021116872,2727000000,
2005/12/18,'600030,G 中  信,0,5.32,0,5.05,5.12,None,None,0,55008923,282573741,0,2764800000,
2005/12/25,'600030,G 中  信,5.19,5.23,5.06,5.15,5.08,0.11,2.1654,1.3665,38844434,199505557,0.01565361,2802600000,
2006/1/1,'600030,G 中  信,5.16,5.33,5.13,5.19,5.22,-0.06,-1.1494,1.4711,42793397,223870114,0.017244972,2786400000,
2006/1/8,'600030,G 中  信,5.44,5.55,5.12,5.15,5.36,0.08,1.4925,4.3614,52463208,282001613,0.021141732,2937600000,
2006/1/15,'600030,G 中  信,6.14,6.27,5.48,5.48,5.85,0.29,4.9573,5.4842,124439738,724935115,0.050146983,3315600000,
2006/1/22,'600030,G 中  信,6.56,6.67,5.9,6.1,6.44,0.12,1.8634,3.7424,96543088,601493352,0.038905133,3542400000,
2006/1/29,'600030,G 中  信,6.99,7.03,6.26,6.56,6.76,0.23,3.4024,3.0716,61360595,405132645,0.024727219,3774600000,
2006/2/12,'600030,G 中  信,6.59,7.12,6.48,6.99,6.58,0.01,0.152,2.0563,90055615,608935206,0.036290798,3558600000,
2006/2/19,'600030,G 中  信,0,7.16,0,6.48,6.6,None,None,0,54879860,374437737,0,3564000000,
2006/2/26,'600030,G 中  信,6.37,6.62,6.07,6.6,6.4,-0.03,-0.4688,1.9829,75182512,477073792,0.030297204,3439800000,
2006/3/5,'600030,G 中  信,6.16,6.56,6.06,6.37,6.26,-0.1,-1.5974,1.9136,54702739,347970211,0.022044223,3326400000,
2006/3/12,'600030,G 中  信,6.12,6.33,5.98,6.16,6.24,-0.12,-1.9231,0.931,56237215,346271371,0.022662589,3304800000,
2006/3/19,'600030,G 中  信,6.51,6.54,6.05,6.12,6.4,0.11,1.7188,2.3722,51519467,326887432,0.020761421,3515400000,
2006/3/26,'600030,G 中  信,6.85,7.02,6.41,6.48,6.92,-0.07,-1.0116,1.7726,60403835,412488600,0.024341662,3699000000,
2006/4/2,'600030,G 中  信,7.61,7.61,6.65,6.86,6.92,0.69,9.9711,6.6016,87012489,622628368,0.035064473,4109400000,
2006/4/9,'600030,G 中  信,8.09,8.5,7.58,7.63,8.15,-0.06,-0.7362,2.4913,85164941,685894631,0.034319944,4368600000,
2006/4/16,'600030,G 中  信,8.59,8.59,7.75,8.11,7.81,0.78,9.9872,2.7738,59405453,486268279,0.023939332,4638600000,
2006/4/23,'600030,G 中  信,10.25,10.25,8.51,8.59,9.32,0.93,9.9785,4.6054,98764286,927771958,0.039800236,5535000000,
2006/4/30,'600030,G 中  信,11.8,12.21,10.03,10.38,10.93,0.87,7.9597,5.6589,158112001,1779688805,0.063716301,6372000000,
2006/5/14,'600030,G 中  信,0,14.94,0,0,13.78,None,None,0,72417240,1000617584,0,7441200000,
2006/5/21,'600030,G 中  信,16.59,18.35,14.2,15.16,15.18,1.41,9.2885,7.6747,189528569,2999052960,0.076376615,8958600000,
2006/5/28,'600030,G 中  信,14.88,16.8,13.46,16.38,14.88,0,0,2.5073,111828869,1679091897,0.045065029,8035200000,
2006/6/4,'600030,G 中  信,16.29,18.4,0,0,16.76,-0.47,-2.8043,6.5852,103404765,1685163709,0.041670266,8796600000,
2006/6/11,'600030,G 中  信,13.63,16.69,13.42,16,14.62,-0.99,-6.7715,4.4177,88818760,1313606323,0.035792368,7360200000,
2006/6/18,'600030,G 中  信,14.29,14.38,12.57,13.5,13.24,1.05,7.9305,3.7518,90836323,1217157182,0.036605409,7716600000,
2006/6/25,'600030,G 中  信,14.44,15,13.8,14,14.41,0.03,0.2082,1.7798,63215774,912091333,0.025474823,7797600000,
2006/7/2,'600030,G 中  信,15.84,16.29,14.48,14.48,16,-0.16,-1,2.0236,65615967,1019540600,0.022007703,8553600000,
2006/7/9,'600030,G 中  信,16.29,17.37,15.73,16.32,16.49,-0.2,-1.2129,1.9497,80910230,1340071714,0.027137424,8796600000,
2006/7/16,'600030,G 中  信,14.34,16.51,14.01,16.2,14.48,-0.14,-0.9669,2.9984,66493877,1017993304,0.022302156,7743600000,
2006/7/23,'600030,G 中  信,14.49,15.36,13.25,14.34,13.96,0.53,3.7966,2.9601,66818038,950955964,0.02241088,7824600000,
2006/7/30,'600030,G 中  信,14,14.94,0,0,14.58,-0.58,-3.9781,2.1047,45803898,663664300,0.015362703,7560000000,
2006/8/6,'600030,G 中  信,12.67,14.08,12.61,14.01,12.97,-0.3,-2.313,1.5462,51092425,667517724,0.017136483,6841800000,
2006/8/13,'600030,G 中  信,12.78,12.95,11.51,12.5,12.36,0.42,3.3981,4.0058,85891860,1050680711,0.028808271,6901200000,
2006/8/20,'600030,G 中  信,12.27,13.25,12,12.5,12.3,-0.03,-0.2439,0.6256,96064073,1210040031,0.032220048,21037753520,
2006/8/27,'600030,G 中  信,13.04,13.29,11.79,11.8,13.02,0.02,0.1536,0.6946,90080512,1151584467,0.030213152,22357971141,
2006/9/3,'600030,G 中  信,13.33,14.25,13.05,13.15,13.88,-0.55,-3.9625,1.185,100876642,1392584311,0.033834192,22855195959,
2006/9/10,'600030,G 中  信,13.54,13.95,13.11,13.11,13.29,0.25,1.8811,0.4758,46565045,629629808,0.015617993,23215255310,
2006/9/17,'600030,G 中  信,13.55,13.83,12.88,13.67,13.1,0.45,3.4351,1.2992,84159213,1130946941,0.028227138,23232400994,
2006/9/24,'600030,G 中  信,14.15,14.49,13.51,13.6,14.17,-0.02,-0.1411,1.0331,102227858,1442101059,0.034287392,24261141997,
2006/10/1,'600030,G 中  信,14.97,15.06,13.57,14.1,14.5,0.47,3.2414,2.2121,99662387,1437053542,0.033426928,25667088035,
2006/10/15,'600030,中信证券,14.78,15.87,14.66,15.31,14.9,-0.12,-0.8054,0.6867,91730361,1406019437,0.030766514,25341320050,
2006/10/22,'600030,中信证券,15.19,15.36,14.38,14.75,15.19,0,0,0.6095,56141453,837888492,0.018829936,26044293069,
2006/10/29,'600030,中信证券,14.81,15.75,14.4,15.19,15.34,-0.53,-3.455,0.9157,77680278,1175158249,0.026054093,25392757101,
2006/11/5,'600030,中信证券,14.3,15.13,0,0,14.39,-0.09,-0.6254,0.8478,70898041,1033831497,0.023779319,24518327248,
2006/11/12,'600030,中信证券,14.99,15.39,13.96,14.18,14.69,0.3,2.0422,1.8939,94984558,1378527020,0.031857977,25701379402,
2006/11/19,'600030,中信证券,16.3,16.77,14.88,14.99,16.15,0.15,0.9288,1.1324,209817629,3368505177,0.070373178,27947463926,
2006/11/26,'600030,中信证券,17.85,18.68,16.16,16.16,18.21,-0.36,-1.9769,1.1596,142756535,2511957359,0.047880776,30605044851,
2006/12/3,'600030,中信证券,19.39,19.71,16.75,17.83,18.69,0.7,3.7453,1.8683,132489807,2412055544,0.044437299,33245480093,
2006/12/10,'600030,中信证券,19.8,22.21,19.4,19.42,20.81,-1.01,-4.8534,1.537,159972163,3342722879,0.053654926,33948453112,
2006/12/17,'600030,中信证券,25.31,25.46,19.85,19.85,23.98,1.33,5.5463,1.7659,147986187,3388345949,0.04963481,43395724660,
2006/12/24,'600030,中信证券,23.96,26.2,23.48,25.55,24.54,-0.58,-2.3635,1.5572,130261086,3256338501,0.043689782,41081057402,
2006/12/31,'600030,中信证券,27.38,27.93,24.2,24.5,26.05,1.33,5.1056,1.8701,164006317,4213456260,0.055007988,46944881122,
2007/1/7,'600030,中信证券,27.45,29.8,26.8,28.31,27.7,-0.25,-0.9025,1.6883,74370521,2108323369,0.024943995,47064900906,
2007/1/14,'600030,中信证券,33.69,35.3,26.17,27.46,32.59,1.1,3.3753,2.1312,197135423,6140112355,0.066119545,57763807341,
2007/1/21,'600030,中信证券,33.77,37.25,31,33.61,33.72,0.05,0.1483,2.2266,219672921,7553384724,0.073678659,57900972808,
2007/1/28,'600030,中信证券,39.36,40.13,32.6,34,38.39,0.97,2.5267,1.9786,226100665,8366975790,0.075834535,67485409823,
2007/2/4,'600030,中信证券,33.16,40.2,32.3,40.01,35.77,-2.61,-7.2966,1.8319,147544091,5343161190,0.049486531,56855086121,
2007/2/11,'600030,中信证券,34.59,35.98,30.1,33,34.7,-0.11,-0.317,1.023,151885665,5108173800,0.050942702,59306918846,
2007/2/18,'600030,中信证券,40.89,42.7,34.1,34.5,41.77,-0.88,-2.1068,1.289,153591021,6022929353,0.051514681,70108699382,
2007/3/4,'600030,中信证券,36.95,41.17,34.3,40.45,35.02,1.93,5.5111,1.7259,136067118,4987466787,0.045637135,63353300126,
2007/3/11,'600030,中信证券,42.11,43.88,34.42,36,42.36,-0.25,-0.5902,2.1137,155786347,6137696471,0.052250997,72200472755,
2007/3/18,'600030,中信证券,39.29,44.65,38.5,41.88,41.54,-2.25,-5.4165,2.0028,131818187,5490577875,0.044212037,67365390039,
2007/3/25,'600030,中信证券,40.41,42.21,38.09,38.28,41.55,-1.14,-2.7437,1.5156,117585876,4814516750,0.039438496,69285706579,
2007/4/1,'600030,中信证券,43.03,44.4,39,40.51,43.08,-0.05,-0.1161,1.5219,143967590,6040142616,0.048286966,73777875627,
2007/4/8,'600030,中信证券,49.99,52.5,43.5,43.5,50.02,-0.03,-0.06,1.698,147926925,7042271600,0.049614934,85711271267,
2007/4/15,'600030,中信证券,48.92,53.74,0,0,50.38,-1.46,-2.898,2.2416,158788046,7985304753,0.053257772,83876683144,
2007/4/22,'600030,中信证券,50.27,51.6,45.51,48.6,47.48,2.79,5.8762,2.6944,194910277,9584453273,0.065373227,86191350402,
2007/4/29,'600030,中信证券,53.7,55.51,50,50.89,53.42,0.28,0.5241,3.232,198158366,10428532896,0.066462642,92072319804,
2007/5/6,'600030,中信证券,59.06,59.07,53,53.01,53.7,5.36,9.9814,4.151,71171621,4085503658,0.023871079,1.01262E+11,
2007/5/13,'600030,中信证券,55.98,62.77,54.55,62.2,56.78,-0.8,-1.4089,2.2506,194872663,11261140218,0.065360611,95981535617,
2007/5/20,'600030,中信证券,58.66,61.2,54,54.59,58.89,-0.23,-0.3906,1.7304,180984415,10359736450,0.06070247,1.00577E+11,
2007/5/27,'600030,中信证券,64.32,65.5,56.21,56.4,60.29,4.03,6.6844,2.8329,169798428,10230586258,0.056950672,1.10281E+11,
2007/6/3,'600030,中信证券,55.79,66,51.84,66,54.08,1.71,3.162,3.9192,305199666,17792866578,0.10236447,95655767633,
2007/6/10,'600030,中信证券,60.68,62.03,50.6,57.38,60.55,0.13,0.2147,2.2235,208854538,12033174745,0.070050155,1.0404E+11,
2007/6/17,'600030,中信证券,59.77,62.67,58.76,61.5,59.99,-0.22,-0.3667,1.4985,146786334,8888653109,0.049232378,1.0248E+11,
2007/6/24,'600030,中信证券,58.25,63.67,0,61.25,61.55,-3.3,-5.3615,2.0843,138568957,8486167292,0.046476256,99873605747,
2007/7/1,'600030,中信证券,52.97,59.38,52.5,58.51,54.68,-1.71,-3.1273,1.0968,137543774,7648956811,0.046132408,1.17306E+11,
2007/7/8,'600030,中信证券,52.89,54.29,49,53.09,49.51,3.38,6.8269,1.1441,122823794,6278313846,0.041195302,1.17129E+11,
2007/7/15,'600030,中信证券,55.75,59.02,53.01,53.21,55.34,0.41,0.7409,0.4278,103282171,5751912560,0.03464101,1.23462E+11,
2007/7/22,'600030,中信证券,57.99,58.44,51.71,56.1,55.41,2.58,4.6562,1.4372,92263351,5107130195,0.03094528,1.28423E+11,
2007/7/29,'600030,中信证券,65.22,68.1,0,59.02,66.9,-1.68,-2.5112,1.2538,150347026,9600483308,0.05042664,1.44434E+11,
2007/8/5,'600030,中信证券,71.95,71.97,61.24,66,65.43,6.52,9.9648,2.7497,186783352,12436379881,0.062647443,1.59338E+11,
2007/8/12,'600030,中信证券,77,80,71.6,72.2,78.07,-1.07,-1.3706,0.8491,153651697,11470788958,0.051535032,1.70522E+11,
2007/8/19,'600030,中信证券,77.76,83.8,75.16,77.25,78.48,-0.72,-0.9174,1.1895,152806424,12177857224,0.051251526,1.9112E+11,
2007/8/26,'600030,中信证券,94.27,98.5,79.88,81.41,94.95,-0.68,-0.7162,1.0774,112532280,10086321899,0.037743512,2.31699E+11,
2007/9/2,'600030,中信证券,88.99,95.69,0,0,94.27,-5.28,-5.6009,2.1064,51770382,4616086348,0.017363871,2.18722E+11,
2007/9/9,'600030,中信证券,82.07,93.2,81.8,89,85.62,-3.55,-4.1462,1.4233,166731568,14450605173,0.050292552,2.29103E+11,
2007/9/16,'600030,中信证券,88.08,90.24,79.3,80.79,88.92,-0.84,-0.9447,1.0007,142477122,12044306218,0.042976493,2.4588E+11,
2007/9/23,'600030,中信证券,88.89,90,83.4,88,87.76,1.13,1.2876,0.686,114906459,9977183486,0.034660137,2.48142E+11,
2007/9/30,'600030,中信证券,96.71,97,86,88.8,92.41,4.3,4.6532,0.8476,106383645,9818319932,0.032089334,2.69972E+11,
2007/10/14,'600030,中信证券,104.35,107.8,96,99.72,99.83,4.52,4.5277,1.153,107164755,10812222311,0.032324946,2.91299E+11,
2007/10/21,'600030,中信证券,105.93,116.38,103.5,107.15,107.02,-1.09,-1.0185,0.4607,113696036,12328189816,0.034295028,2.9571E+11,
2007/10/28,'600030,中信证券,0,0,0,0,105.93,None,None,0,0,0,0,2.9571E+11,
2007/11/4,'600030,中信证券,116.52,116.52,0,0,105.93,10.59,9.9972,1.7197,48006131,5588632946,0.014480466,3.25272E+11,
2007/11/11,'600030,中信证券,94.41,117.89,93.5,115,96.31,-1.9,-1.9728,0.8222,127704039,13215234304,0.038520372,2.63551E+11,
2007/11/18,'600030,中信证券,99.61,104.92,90.3,91,102.71,-3.1,-3.0182,0.4825,118612307,11733037006,0.035777961,2.78067E+11,
2007/11/25,'600030,中信证券,88.5,100.2,84.01,99.2,87.24,1.26,1.4443,0.9116,106872872,9766506605,0.032236903,2.47053E+11,
2007/12/2,'600030,中信证券,83.89,90.5,80,89.88,87.61,-3.72,-4.2461,0.5262,96957780,8223980958,0.029246136,2.34184E+11,
2007/12/9,'600030,中信证券,89.61,90.9,82,82.9,88.38,1.23,1.3917,0.2595,63911494,5598540541,0.019278126,2.50152E+11,
2007/12/16,'600030,中信证券,84.96,93.84,0,0,83.42,1.54,1.8461,0.6283,107926347,9394199444,0.032554671,2.37171E+11,
2007/12/23,'600030,中信证券,84.18,84.84,78.88,84.84,83.66,0.52,0.6216,0.6052,99676331,8135789489,0.030066154,2.34993E+11,
2007/12/30,'600030,中信证券,89.27,90.69,85.5,85.85,89.85,-0.58,-0.6455,0.6269,100007038,8872996042,0.030165908,2.49202E+11,
2008/1/6,'600030,中信证券,88.5,89.1,82.66,89,85.01,3.49,4.1054,0.8861,87735032,7517794183,0.026464207,2.47053E+11,
2008/1/13,'600030,中信证券,94.73,98.88,88.39,88.7,93.2,1.53,1.6416,0.8657,139932301,13081799974,0.042208879,2.64444E+11,
2008/1/20,'600030,中信证券,85.75,98.35,84.3,95.6,85.91,-0.16,-0.1862,1.368,189097248,16911672841,0.057038888,2.39376E+11,
2008/1/27,'600030,中信证券,76.02,86.8,71.6,86.1,73.69,2.33,3.1619,1.3639,233318375,17711609627,0.070377653,2.12214E+11,
2008/2/3,'600030,中信证券,69.31,74.76,63.95,74.76,68.12,1.19,1.7469,1.1446,179632613,12262406881,0.054183995,1.93483E+11,
2008/2/10,'600030,中信证券,73.62,75.58,71.2,72.09,75.03,-1.41,-1.8792,0.8502,72955297,5369628797,0.022006079,2.05515E+11,
2008/2/17,'600030,中信证券,68.31,71.5,67,71.3,70.85,-2.54,-3.585,0.8593,64050529,4450277014,0.019320064,1.90691E+11,
2008/2/24,'600030,中信证券,62.35,71.8,62.1,69.57,67.19,-4.84,-7.2035,1.731,150136222,10098183776,0.045286767,1.74054E+11,
2008/3/2,'600030,中信证券,62.86,64.9,57.9,62.35,62.94,-0.08,-0.1271,0.7892,166179877,10227680479,0.050126141,1.75477E+11,
2008/3/9,'600030,中信证券,61.3,66.58,59.26,61.6,63.14,-1.84,-2.9142,0.8888,171232284,10733911804,0.051650138,1.71123E+11,
2008/3/16,'600030,中信证券,57.99,63.5,54.6,60.7,55.98,2.01,3.5906,1.3388,155824024,9132709300,0.047002424,1.61882E+11,
2008/3/23,'600030,中信证券,59.12,61,53.92,58.92,58.9,0.22,0.3735,1.3934,254717591,14772468729,0.076832467,1.65037E+11,
2008/3/30,'600030,中信证券,55.04,59.99,49.71,59.99,51.1,3.94,7.7104,1.8609,188269937,10192915186,0.056789339,1.53647E+11,
2008/4/6,'600030,中信证券,51.91,53.99,48.67,52.52,50.31,1.6,3.1803,1.1059,135393422,6902775785,0.040839781,1.4491E+11,
2008/4/13,'600030,中信证券,56.79,60.68,0,51.3,54.58,2.21,4.0491,1.402,246465786,14033050930,0.07434341,1.58533E+11,
2008/4/20,'600030,中信证券,52.9,55.51,50.01,55,52.15,0.75,1.4382,1.1497,148969401,7896166723,0.04493481,1.47673E+11,
2008/4/27,'600030,中信证券,35.34,59.8,32.13,58,32.13,3.21,9.9907,6.739,566101299,23637491767,0.08537879,1.97307E+11,
2008/5/4,'600030,中信证券,39.64,40.08,34.3,35,36.84,2.8,7.6004,4.6511,758938433,27931890461,0.114462279,2.21315E+11,
2008/5/11,'600030,中信证券,36.93,43,35.8,40.5,38.34,-1.41,-3.6776,2.6476,1006925932,39473137020,0.151863487,2.06185E+11,
2008/5/18,'600030,中信证券,37.59,38.32,34.5,35.35,36.63,0.96,2.6208,2.1144,598168940,21903684058,0.090215197,2.09869E+11,
2008/5/25,'600030,中信证券,33.39,37.3,32.51,37.3,34.1,-0.71,-2.0821,0.8949,355442321,12344121733,0.053607429,1.8642E+11,
2008/6/1,'600030,中信证券,34.24,34.75,31.4,32.79,32.7,1.54,4.7095,1.9166,472067723,15686779566,0.071196747,1.91166E+11,
2008/6/8,'600030,中信证券,33.96,34.65,32.6,33.98,34.15,-0.19,-0.5564,0.7853,271128697,9167162593,0.040891339,1.89603E+11,
2008/6/15,'600030,中信证券,27.52,32.59,27.49,31.78,29.84,-2.32,-7.7748,1.5562,400839747,12293660514,0.06045422,1.53647E+11,
2008/6/22,'600030,中信证券,25.95,27.97,22.71,27.52,23.64,2.31,9.7716,3.7712,589240265,15036379074,0.088868584,1.44882E+11,
2008/6/29,'600030,中信证券,24.55,27.24,24.11,25,26.78,-2.23,-8.3271,1.7488,538597196,13927611157,0.08123065,1.37066E+11,
2008/7/6,'600030,中信证券,22.77,25,20.27,24,22.28,0.49,2.1993,1.7388,460978704,10340098496,0.069524313,1.27128E+11,
2008/7/13,'600030,中信证券,24.41,26.14,22.54,22.68,24.88,-0.47,-1.8891,1.4816,541744049,13504085608,0.081705255,1.36284E+11,
2008/7/20,'600030,中信证券,23.12,25.09,21.63,23.8,21.66,1.46,6.7405,1.3162,361649698,8325617131,0.054543619,1.29082E+11,
2008/7/27,'600030,中信证券,24.73,25.85,22.77,22.89,25.48,-0.75,-2.9435,1.384,483493496,11845661498,0.07291997,1.3807E+11,
2008/8/3,'600030,中信证券,23.52,25.3,21.87,24.95,22.6,0.92,4.0708,1.4765,325608094,7693929582,0.049107863,1.31315E+11,
2008/8/10,'600030,中信证券,21.39,23.2,20.78,22.97,22.41,-1.02,-4.5515,1.2114,273818572,6115569568,0.041297023,1.19423E+11,
2008/8/17,'600030,中信证券,18.19,21.28,17.3,21.21,18.11,0.08,0.4417,1.0127,372825153,6926637695,0.056229089,1.19517E+11,
2008/8/24,'600030,中信证券,18.8,20.33,16.12,18,19.4,-0.6,-3.0928,1.7235,478541213,8942547927,0.072173072,1.23525E+11,
2008/8/31,'600030,中信证券,20.11,20.56,17.61,18.8,19.59,0.52,2.6544,1.5915,451830917,8684102212,0.068144653,1.32132E+11,
2008/9/7,'600030,中信证券,18.56,19.9,18.2,19.8,19.17,-0.61,-3.1821,0.8528,339565471,6501097346,0.0512129,1.21948E+11,
2008/9/14,'600030,中信证券,18.97,19.88,17.8,18.89,19.39,-0.42,-2.1661,1.2088,371705934,7031908704,0.05606029,1.24642E+11,
2008/9/21,'600030,中信证券,17.88,18.8,15.42,18.8,16.25,1.63,10.0308,0.1764,320097029,5430892124,0.04827669,1.1748E+11,
2008/9/28,'600030,中信证券,24.76,24.92,19.03,19.67,23.08,1.68,7.279,4.1331,1353561762,28757779532,0.204142731,1.62685E+11,
2008/10/12,'600030,中信证券,20.64,23.88,0,0,21.12,-0.48,-2.2727,2.4591,900729876,19468921018,0.135847112,1.35614E+11,
2008/10/19,'600030,中信证券,18.72,23.88,18,20.8,18.29,0.43,2.351,1.4926,842850851,17343028885,0.12711786,1.22999E+11,
2008/10/26,'600030,中信证券,19.34,20.97,17.9,18.5,19.99,-0.65,-3.2516,1.6607,693221973,13724204549,0.104550993,1.27073E+11,
2008/11/2,'600030,中信证券,17.84,19.3,17.08,19,18.29,-0.45,-2.4604,1.4835,725865691,13293565565,0.109474284,1.17217E+11,
2008/11/9,'600030,中信证券,17.68,17.98,15.95,17.25,17.03,0.65,3.8168,2.1701,625265614,10566528053,0.094301888,1.16166E+11,
2008/11/16,'600030,中信证券,21.05,21.19,18,18.2,20.07,0.98,4.8829,3.304,937873470,18348547882,0.141449069,1.38308E+11,
2008/11/23,'600030,中信证券,19.87,21.15,18.4,20.6,19.76,0.11,0.5567,3.1566,1029495058,20495071745,0.155267339,1.30555E+11,
2008/11/30,'600030,中信证券,19.56,21.14,18.91,19.5,20.23,-0.67,-3.3119,1.8326,711693422,14174161336,0.107336837,1.28518E+11,
2008/12/7,'600030,中信证券,22.08,22.5,19.15,19.65,21.51,0.57,2.6499,2.0425,778385317,16404391348,0.117395237,1.45076E+11,
2008/12/14,'600030,中信证券,20.9,22.95,20.65,22.5,21.76,-0.86,-3.9522,1.9274,727234431,15993203497,0.109680716,1.37323E+11,
2008/12/21,'600030,中信证券,21.67,22.15,20.41,21.35,21.41,0.26,1.2144,1.9376,512952531,10957734425,0.07736295,1.42382E+11,
2008/12/28,'600030,中信证券,18.9,21.73,18.29,21.65,18.88,0.02,0.1059,1.0524,471050675,9272146762,0.071043357,1.24182E+11,
2009/1/4,'600030,中信证券,17.97,19.25,17.94,19.01,18.11,-0.14,-0.7731,0.8536,197608705,3642333400,0.029803133,1.18071E+11,
2009/1/11,'600030,中信证券,19.06,19.61,18.1,18.3,18.98,0.08,0.4215,0.7564,355391814,6759264524,0.053599812,1.25233E+11,
2009/1/18,'600030,中信证券,20.57,21.5,18.36,18.91,19.77,0.8,4.0465,3.1343,536257643,10733751875,0.080877802,1.35155E+11,
2009/1/25,'600030,中信证券,21.77,22.19,20.41,20.95,21.79,-0.02,-0.0918,1.2634,539037559,11578899100,0.081297066,1.43039E+11,
2009/2/8,'600030,中信证券,23.97,24,21.37,21.92,22.91,1.06,4.6268,1.6508,537577778,12280190786,0.081076903,1.57494E+11,
2009/2/15,'600030,中信证券,25.42,26.3,23.2,24.22,24.21,1.21,4.9979,2.0794,763723378,18651481193,0.115183939,1.67021E+11,
2009/2/22,'600030,中信证券,24.14,27.18,23.35,26,23.92,0.22,0.9197,1.484,680687015,17062965591,0.102660484,1.58611E+11,
2009/3/1,'600030,中信证券,21.37,25.05,20.97,23.81,21.26,0.11,0.5174,1.9303,792658266,17966956993,0.119547868,1.40411E+11,
2009/3/8,'600030,中信证券,22.94,23.6,20.51,21.15,22.96,-0.02,-0.0871,2.4602,677237426,15169095501,0.102140221,1.50727E+11,
2009/3/15,'600030,中信证券,21.3,23.33,20.9,23.06,21.67,-0.37,-1.7074,1.3456,516713240,11289706667,0.077930136,1.39951E+11,
2009/3/22,'600030,中信证券,23.14,23.51,21.01,21.25,23.37,-0.23,-0.9842,1.2509,517700472,11751329074,0.078079029,1.52041E+11,
2009/3/29,'600030,中信证券,24.19,24.88,22.89,23.2,24.04,0.15,0.624,1.6879,591655467,14202740888,0.089232842,1.5894E+11,
2009/4/5,'600030,中信证券,25.71,26.55,24,24.2,25.96,-0.25,-0.963,1.8094,705213971,17963173638,0.106359613,1.68927E+11,
2009/4/12,'600030,中信证券,25.54,26.17,23.88,25.7,24.45,1.09,4.4581,1.8847,435648898,10805035961,0.065704099,1.6781E+11,
2009/4/19,'600030,中信证券,27.06,27.69,25.85,25.95,26.41,0.65,2.4612,2.6947,712809238,18971570098,0.107505123,1.77797E+11,
2009/4/26,'600030,中信证券,24.62,27.27,24.46,26.87,25.23,-0.61,-2.4178,1.4193,546843629,14125634597,0.082474369,1.61765E+11,
2009/5/3,'600030,中信证券,24.25,25.44,23.62,24.46,25.23,-0.98,-3.8843,3.0439,462250940,11251145631,0.06971619,1.59334E+11,
2009/5/10,'600030,中信证券,25.57,25.79,24.16,24.28,24.74,0.83,3.3549,2.5978,700747344,17526839583,0.105685962,1.68007E+11,
2009/5/17,'600030,中信证券,26.1,26.72,24.73,25.78,26.12,-0.02,-0.0766,1.4979,762034841,19765838759,0.114929276,1.71489E+11,
2009/5/24,'600030,中信证券,24.8,26.21,24.5,25.95,24.74,0.06,0.2425,0.759,425343538,10796092557,0.064149855,1.62948E+11,
2009/5/31,'600030,中信证券,25.43,25.98,0,0,25.13,0.3,1.1938,1.1129,203348307,5180263104,0.030668773,1.67087E+11,
2009/6/7,'600030,中信证券,26.9,27.88,25.61,25.69,27.23,-0.33,-1.2119,1.6683,792945942,21158936266,0.119591255,1.76746E+11,
2009/6/14,'600030,中信证券,27.24,28.6,26.5,27.1,27.15,0.09,0.3315,1.743,653863100,18011157513,0.09861493,1.7898E+11,
2009/6/21,'600030,中信证券,29.54,30.06,27,27.35,28.75,0.79,2.7478,2.4767,706522765,20199045279,0.106557004,1.94092E+11,
2009/6/28,'600030,中信证券,27.94,30.14,27.66,30.13,28.22,-0.28,-0.9922,1.4982,645718696,18378919418,0.0973866,1.83579E+11,
2009/7/5,'600030,中信证券,29.59,29.85,0,0,29.14,0.45,1.5443,2.638,750329958,21552730255,0.113163958,1.9442E+11,
2009/7/12,'600030,中信证券,32.67,33.34,29.98,29.98,32.91,-0.24,-0.7293,2.3289,1028293090,32889182082,0.155086059,2.14657E+11,
2009/7/19,'600030,中信证券,32.31,33.6,31.4,32.3,32.77,-0.46,-1.4037,1.9313,753212975,24466454424,0.113598772,2.12292E+11,
2009/7/26,'600030,中信证券,34.7,35.4,32,32.38,34.53,0.17,0.4923,1.993,782833791,26543101489,0.118066151,2.27995E+11,
2009/8/2,'600030,中信证券,38.03,38.55,34.11,35.5,36.97,1.06,2.8672,2.3333,863142328,31618416631,0.130178199,2.49875E+11,
2009/8/9,'600030,中信证券,34.96,38.8,34.3,38.6,35.01,-0.05,-0.1428,2.1713,732623979,26633215253,0.110493561,2.29704E+11,
2009/8/16,'600030,中信证券,32.56,35.64,31.39,35.5,32.4,0.16,0.4938,2.7331,695041099,23076497297,0.104825352,2.13934E+11,
2009/8/23,'600030,中信证券,28.78,32.29,27.3,31.7,28.64,0.14,0.4888,2.0187,790306461,23211320549,0.119193171,1.89098E+11,
2009/8/30,'600030,中信证券,26.48,29.08,26.24,28.96,27.84,-1.36,-4.8851,2.2723,656690927,18136592283,0.09904142,1.73986E+11,
2009/9/6,'600030,中信证券,26.5,26.86,24.24,26.29,26.56,-0.06,-0.2259,1.8727,660463306,16803295914,0.099610366,1.74117E+11,
2009/9/13,'600030,中信证券,27.45,27.9,25.9,26.75,26.7,0.75,2.809,1.7831,620259104,16783933086,0.093546812,1.80359E+11,
2009/9/20,'600030,中信证券,27.02,28.57,26.76,27.45,28.08,-1.06,-3.7749,2.0907,608284535,16977762846,0.09174082,1.77534E+11,
2009/9/27,'600030,中信证券,25.44,27,24.92,26.73,25.81,-0.37,-1.4336,0.9033,406876526,10543044794,0.061364681,1.67153E+11,
2009/10/4,'600030,中信证券,25.01,25.69,24.05,25.47,24.41,0.6,2.458,1.1496,192777228,4775948993,0.029074454,1.64327E+11,
2009/10/11,'600030,中信证券,26.17,26.2,25.4,25.66,25.01,1.16,4.6381,1.2186,80068700,2070438715,0.012075875,1.71949E+11,
2009/10/18,'600030,中信证券,27.08,27.91,25.64,26.18,27.13,-0.05,-0.1843,1.2078,394983176,10557839465,0.059570938,1.77928E+11,
2009/10/25,'600030,中信证券,28.79,29.29,26.82,26.98,28.47,0.32,1.124,1.5139,570789189,16195577963,0.086085812,1.89164E+11,
2009/11/1,'600030,中信证券,27.03,28.9,26.76,28.88,26.98,0.05,0.1853,1.0489,444875748,12249389314,0.067095682,1.776E+11,
2009/11/8,'600030,中信证券,28.5,28.93,26.01,26.19,28.42,0.08,0.2815,1.3214,482047518,13512163012,0.072701889,1.87258E+11,
2009/11/15,'600030,中信证券,29.12,29.74,28.31,28.71,29.37,-0.25,-0.8512,1.3742,506442301,14714455792,0.076381084,1.91332E+11,
2009/11/22,'600030,中信证券,30.87,31.3,29.27,29.27,30.4,0.47,1.5461,1.8066,554244846,16811375301,0.083590612,2.0283E+11,
2009/11/29,'600030,中信证券,27.31,31.48,27.21,30.89,28.29,-0.98,-3.4641,1.928,614954711,18186101485,0.092746809,1.79439E+11,
2009/12/6,'600030,中信证券,31.59,31.92,27.65,27.65,30.13,1.46,4.8457,3.4923,684793630,20482666225,0.10327984,2.07561E+11,
2009/12/13,'600030,中信证券,30,32.35,29.7,31.69,30.3,-0.3,-0.9901,1.0163,557734618,17224060121,0.084116936,1.97114E+11,
2009/12/20,'600030,中信证券,28.53,30.4,28.03,29.74,28.81,-0.28,-0.9719,1.2658,396059220,11579108966,0.059733226,1.87455E+11,
2009/12/27,'600030,中信证券,28.83,29.26,28.07,28.7,29.08,-0.25,-0.8597,0.696,325557449,9356926931,0.049100225,1.89427E+11,
2010/1/3,'600030,中信证券,31.77,31.99,29.3,29.38,31.49,0.28,0.8892,2.4262,639735712,19870716002,0.096484253,2.08744E+11,
2010/1/10,'600030,中信证券,32.26,33.15,30.81,32,31.65,0.61,1.9273,1.5843,691453455,22282971331,0.104284267,2.11963E+11,
2010/1/17,'600030,中信证券,31.98,35.49,31.42,35.49,32.26,-0.28,-0.8679,1.3996,827284158,27414893353,0.124770108,2.10124E+11,
2010/1/24,'600030,中信证券,29.21,31.45,28.51,31.45,29.8,-0.59,-1.9799,1.8524,745788611,22495588407,0.112479037,1.91923E+11,
2010/1/31,'600030,中信证券,28.28,29.64,28,29.01,28.47,-0.19,-0.6674,1.0049,339475143,9740120344,0.051199276,1.85813E+11,
2010/2/7,'600030,中信证券,26.28,27.9,25.9,27.9,26.88,-0.6,-2.2321,1.0065,469849868,12510559113,0.070862252,1.72672E+11,
2010/2/14,'600030,中信证券,27.32,27.43,26.16,26.3,27.25,0.07,0.2569,0.6544,237812680,6420919664,0.035866653,1.79505E+11,
2010/2/28,'600030,中信证券,27.32,27.86,26.46,27.5,27.61,-0.29,-1.0503,0.7275,272750505,7434407961,0.041135938,1.79505E+11,
2010/3/7,'600030,中信证券,27.12,27.85,26.6,27.3,26.63,0.49,1.84,0.9912,297323054,8127589727,0.044841944,1.78191E+11,
2010/3/14,'600030,中信证券,27.71,28.19,26.66,27.2,27.84,-0.13,-0.467,1.3558,339096854,9334523204,0.051142223,1.82068E+11,
2010/3/21,'600030,中信证券,28.23,28.53,27.54,28,28.23,0,0,0.8306,311401106,8745785324,0.04696518,1.85484E+11,
2010/3/28,'600030,中信证券,27.41,28.49,26.96,28.48,27.09,0.32,1.1812,0.7515,275852607,7633497935,0.041603794,1.80097E+11,
2010/4/4,'600030,中信证券,28.81,28.93,27.66,27.66,28.79,0.02,0.0695,0.9594,400756758,11413649277,0.060441704,1.89295E+11,
2010/4/11,'600030,中信证券,28.22,29.27,27.91,28.86,27.95,0.27,0.966,0.6564,240740531,6853708926,0.036308228,1.85419E+11,
2010/4/18,'600030,中信证券,0,29.24,0,28.21,28.94,None,None,0,305946164,8732293967,0,1.90149E+11,
2010/4/25,'600030,中信证券,0,0,0,0,28.94,None,None,0,0,0,0,1.90149E+11,
2010/5/2,'600030,中信证券,0,0,0,0,28.94,None,None,0,0,0,0,1.90149E+11,
2010/5/9,'600030,中信证券,22.04,26.05,21.28,26.05,22.12,-0.08,-0.3617,1.2111,445405702,10392485404,0.067175609,1.44813E+11,
2010/5/16,'600030,中信证券,21.21,22.62,20.3,22,21.61,-0.4,-1.851,0.7633,338819189,7263741354,0.051100346,1.3936E+11,
2010/5/23,'600030,中信证券,19.79,20.8,18.85,20.8,19.62,0.17,0.8665,0.9576,323832044,6414605811,0.048840001,1.3003E+11,
2010/5/30,'600030,中信证券,20.64,21.24,19.95,19.95,20.87,-0.23,-1.1021,0.6898,322041673,6658971835,0.048569979,1.35614E+11,
2010/6/6,'600030,中信证券,19.94,20.57,19.15,20.45,19.62,0.32,1.631,0.6981,226220036,4480545674,0.034118263,1.31015E+11,
2010/6/13,'600030,中信证券,20.06,20.36,19.33,19.49,19.88,0.18,0.9054,0.5211,204475474,4057315441,0.030838771,1.31804E+11,
2010/6/20,'600030,中信证券,20.02,20.3,0,0,20.06,-0.04,-0.1994,0.6218,40855290,820487845,0.006161751,1.31541E+11,
2010/6/27,'600030,中信证券,13.19,21.14,13.1,20.07,13.61,-0.42,-3.086,0.4944,230180011,4140422146,0.023143668,1.29997E+11,
2010/7/4,'600030,中信证券,11.59,13.17,11.18,13.12,11.41,0.18,1.5776,0.5786,301763778,3620024265,0.030341126,1.14228E+11,
2010/7/11,'600030,中信证券,11.85,11.91,11.25,11.44,11.58,0.27,2.3316,0.7914,253132797,2940369092,0.025451478,1.1679E+11,
2010/7/18,'600030,中信证券,11.45,12.12,11.28,11.89,11.51,-0.06,-0.5213,0.4318,255574469,3013806106,0.025696978,1.12848E+11,
2010/7/25,'600030,中信证券,12.48,12.5,11.25,11.28,12.2,0.28,2.2951,1.1974,425549181,5144262066,0.042787247,1.22999E+11,
2010/8/1,'600030,中信证券,12.82,13.15,12.21,12.5,12.96,-0.14,-1.0802,0.7543,499190182,6329432547,0.050191551,1.2635E+11,
2010/8/8,'600030,中信证券,13.02,13.38,12.53,12.82,12.74,0.28,2.1978,0.9367,457158080,5933719847,0.045965394,1.28321E+11,
2010/8/15,'600030,中信证券,12.22,13.1,12.01,12.96,12.13,0.09,0.742,0.601,347856868,4355208317,0.034975599,1.20437E+11,
2010/8/22,'600030,中信证券,12.29,12.83,12.12,12.17,12.69,-0.4,-3.1521,0.7002,352790039,4433398635,0.03547161,1.21127E+11,
2010/8/29,'600030,中信证券,11.77,12.4,11.65,12.27,11.83,-0.06,-0.5072,0.4221,266003812,3202905379,0.026745606,1.16002E+11,
2010/9/5,'600030,中信证券,11.46,12.02,11.38,11.81,11.57,-0.11,-0.9507,1.0988,421558040,4916535150,0.042385954,1.12946E+11,
2010/9/12,'600030,中信证券,11.45,12.06,11.37,11.5,11.59,-0.14,-1.2079,0.6972,436902939,5134203117,0.043928821,1.12848E+11,
2010/9/19,'600030,中信证券,11.13,11.65,11.1,11.49,11.24,-0.11,-0.9786,0.5866,332942988,3772687134,0.033476069,1.09694E+11,
2010/9/26,'600030,中信证券,10.92,11.18,10.9,11.13,10.93,-0.01,-0.0915,0.3353,88448492,973013460,0.008893138,1.07624E+11,
2010/10/3,'600030,中信证券,10.64,11,10.42,10.96,10.52,0.12,1.1407,0.8439,282282018,3020942344,0.028382314,1.04865E+11,
2010/10/10,'600030,中信证券,11.29,11.39,10.74,10.74,10.64,0.65,6.109,1.5594,153690746,1712275251,0.015452982,1.11271E+11,
2010/10/17,'600030,中信证券,14.96,14.98,11.32,11.38,13.65,1.31,9.5971,4.2926,1766716504,23419489183,0.17763619,1.47441E+11,
2010/10/24,'600030,中信证券,15.04,16.52,14.51,15.1,15.48,-0.44,-2.8424,2.3274,1629876513,25127688362,0.163877483,1.4823E+11,
2010/10/31,'600030,中信证券,15.51,17.25,14.92,14.98,16.3,-0.79,-4.8466,2.249,1363347193,22193351477,0.137079039,1.52862E+11,
2010/11/7,'600030,中信证券,16.26,16.89,15.42,15.48,16.12,0.14,0.8685,2.079,971720017,15609876893,0.097702513,1.60254E+11,
2010/11/14,'600030,中信证券,14.19,16.56,14.08,16.3,15.64,-1.45,-9.2711,2.7277,902773618,14010638520,0.090770231,1.39852E+11,
2010/11/21,'600030,中信证券,13.21,14.4,12.51,14.21,13.21,0,0,1.8946,732750308,9839899376,0.073675076,1.30194E+11,
2010/11/28,'600030,中信证券,13.36,13.6,12.29,12.98,13.4,-0.04,-0.2985,1.2848,677477273,8850387732,0.068117596,1.31672E+11,
2010/12/5,'600030,中信证券,13.16,13.36,12.5,13.25,13.15,0.01,0.076,0.5674,411739687,5378112791,0.041398758,1.29701E+11,
2010/12/12,'600030,中信证券,13.12,13.84,12.72,13.21,12.93,0.19,1.4695,0.6299,548284094,7341770906,0.055127745,1.29307E+11,
2010/12/19,'600030,中信证券,13.16,13.8,13.01,13.21,13.23,-0.07,-0.5291,0.655,436984170,5863951386,0.043936989,1.29701E+11,
2010/12/26,'600030,中信证券,13.03,13.5,12.58,13.2,13.02,0.01,0.0768,0.4876,413234989,5412665545,0.041549105,1.2842E+11,
2011/1/2,'600030,中信证券,12.59,13.42,12.01,13.1,12.3,0.29,2.3577,0.7714,407459859,5152464341,0.040968439,1.24083E+11,
2011/1/9,'600030,中信证券,12.77,13.07,12.38,12.7,12.65,0.12,0.9486,1.3085,357167725,4568306652,0.035911768,1.25857E+11,
2011/1/16,'600030,中信证券,12.32,12.82,12.26,12.68,12.59,-0.27,-2.1446,0.5713,301687805,3781864128,0.030333487,1.21422E+11,
2011/1/23,'600030,中信证券,11.87,12.42,11.56,12.35,11.6,0.27,2.3276,0.7178,328573253,3908944393,0.03303671,1.16987E+11,
2011/1/30,'600030,中信证券,12.47,12.6,11.6,11.88,12.35,0.12,0.9717,0.8242,335650310,4049051335,0.033748279,1.22901E+11,
2011/2/6,'600030,中信证券,12.37,12.65,12.35,12.45,12.54,-0.17,-1.3557,0.6026,120338272,1503222100,0.012099526,1.21915E+11,
2011/2/13,'600030,中信证券,12.57,12.75,12.19,12.33,12.64,-0.07,-0.5538,0.8015,199460566,2492230755,0.020054952,1.23886E+11,
2011/2/20,'600030,中信证券,13.71,14.49,12.38,12.4,13.77,-0.06,-0.4357,1.2156,1028094935,14175672157,0.103370782,1.35122E+11,
2011/2/27,'600030,中信证券,14.3,14.45,13.36,13.7,13.97,0.33,2.3622,2.0089,758350426,10560351649,0.076249064,1.40937E+11,
2011/3/6,'600030,中信证券,14.9,15.19,14.03,14.34,14.46,0.44,3.0429,1.4889,820857470,12047610188,0.082533894,1.4685E+11,
2011/3/13,'600030,中信证券,14.37,15.56,14.33,14.94,14.59,-0.22,-1.5079,1.1942,796221733,11992620814,0.080056871,1.41626E+11,
2011/3/20,'600030,中信证券,14.06,14.46,13.68,14.26,13.9,0.16,1.1511,0.8169,553246199,7799218101,0.055626665,1.38571E+11,
2011/3/27,'600030,中信证券,0,14.19,0,14.1,14.04,None,None,0,178815298,2502383563,0,1.38374E+11,
2011/4/3,'600030,中信证券,14.3,14.77,0,0,13.97,0.33,2.3622,0.7818,445648512,6335614474,0.044808153,1.40937E+11,
2011/4/10,'600030,中信证券,14.8,14.98,14.17,14.26,14.61,0.19,1.3005,0.9433,354726066,5194582027,0.035666269,1.45864E+11,
2011/4/17,'600030,中信证券,14.83,15.1,0,14.89,14.62,0.21,1.4364,1.0998,413929877,6113752306,0.041618973,1.4616E+11,
2011/4/24,'600030,中信证券,14.22,14.98,14.1,14.75,14.48,-0.26,-1.7956,0.5302,411901830,5960067777,0.041415061,1.40148E+11,
2011/5/1,'600030,中信证券,0,14.2,0,14.2,13.23,None,None,0,349666122,4757105374,0,1.30391E+11,
2011/5/8,'600030,中信证券,12.62,13.4,12.43,13.29,12.69,-0.07,-0.5516,0.692,283102058,3645734312,0.028464765,1.24379E+11,
2011/5/15,'600030,中信证券,13.1,13.2,12.6,12.7,12.83,0.27,2.1044,0.8945,278992388,3588280896,0.028051555,1.2911E+11,
2011/5/22,'600030,中信证券,12.88,13.25,12.7,13.08,12.86,0.02,0.1555,0.2784,210765996,2741860942,0.021191667,1.26941E+11,
2011/5/29,'600030,中信证券,12.51,12.87,12.22,12.87,12.43,0.08,0.6436,0.5612,257202902,3215672508,0.02586071,1.23295E+11,
2011/6/5,'600030,中信证券,12.55,12.86,12.25,12.45,12.44,0.11,0.8842,0.2865,212728937,2683418130,0.021389033,1.23689E+11,
2011/6/12,'600030,中信证券,12.49,12.65,0,12.53,12.48,0.01,0.0801,0.4964,127986912,1591082157,0.012868566,1.23098E+11,
2011/6/19,'600030,中信证券,11.81,12.84,11.78,12.4,11.96,-0.15,-1.2542,0.4099,239941624,2968269920,0.024125159,1.16396E+11,
2011/6/26,'600030,中信证券,13.28,13.45,11.72,11.75,12.23,1.05,8.5854,2.4903,397100264,5024029966,0.039926823,1.30884E+11,
2011/7/3,'600030,中信证券,13.02,13.33,12.85,13.17,13.08,-0.06,-0.4587,0.5423,457701856,5992537888,0.046020068,1.28321E+11,
2011/7/10,'600030,中信证券,13.29,13.7,13.13,13.15,13.26,0.03,0.2262,0.4948,397194500,5327368273,0.039936299,1.30982E+11,
2011/7/17,'600030,中信证券,13.03,13.32,12.71,13.23,12.96,0.07,0.5401,0.7102,343567581,4451812278,0.034544329,1.2842E+11,
2011/7/24,'600030,中信证券,12.82,13.07,12.61,13.03,12.66,0.16,1.2638,0.8642,264638609,3390479521,0.02660834,1.2635E+11,
2011/7/31,'600030,中信证券,12.37,12.72,12.04,12.67,12.14,0.23,1.8946,0.7235,264464146,3256510762,0.026590799,1.21915E+11,
2011/8/7,'600030,中信证券,11.99,12.5,11.84,12.31,12.23,-0.24,-1.9624,0.724,239751131,2926172288,0.024106005,1.1817E+11,
2011/8/14,'600030,中信证券,11.85,12.09,11.1,11.9,11.89,-0.04,-0.3364,0.543,341116845,3987426845,0.034297917,1.1679E+11,
2011/8/21,'600030,中信证券,12.01,12.35,0,0,12.08,-0.07,-0.5795,0.5135,263032611,3177615682,0.026446864,1.18367E+11,
2011/8/28,'600030,中信证券,0,12.67,0,12.13,12.66,None,None,0,255760523,3147318121,0,1.24773E+11,
2011/9/4,'600030,中信证券,11.98,12.43,11.94,12.4,12.16,-0.18,-1.4803,0.3028,227046544,2768811098,0.022828611,1.18071E+11,
2011/9/11,'600030,中信证券,12.08,12.4,11.52,11.8,11.91,0.17,1.4274,0.6937,214287782,2563075996,0.021545769,1.19855E+11,
2011/9/18,'600030,中信证券,12.18,12.51,11.82,11.89,12.27,-0.09,-0.7335,0.3805,231833488,2828446824,0.023309918,1.20847E+11,
2011/9/25,'600030,中信证券,12.09,12.74,11.78,12.08,12.03,0.06,0.4988,0.5558,336530145,4117572553,0.033836743,1.19954E+11,
2011/10/2,'600030,中信证券,11.25,12.22,11.15,11.95,11.36,-0.11,-0.9683,0.5114,299447574,3483345845,0.030108241,1.1162E+11,
2011/10/16,'600030,中信证券,11.88,12.1,10.97,11.32,11.85,0.03,0.2532,0.4016,374191999,4350919808,0.034200891,1.16688E+11,
2011/10/23,'600030,中信证券,11.28,12.06,11.22,11.86,11.32,-0.04,-0.3534,0.3498,215515282,2490960691,0.019697948,1.10795E+11,
2011/10/30,'600030,中信证券,12.2,12.43,11.35,11.35,12,0.2,1.6667,0.9724,415137935,4970823336,0.037943322,1.19831E+11,
2011/11/6,'600030,中信证券,12.44,12.63,11.84,12.24,12.34,0.1,0.8104,0.7263,415445043,5103544480,0.037709766,1.22094E+11,
2011/11/13,'600030,中信证券,11.94,12.36,11.89,12.35,11.98,-0.04,-0.3339,0.2944,222352625,2699424898,0.020182851,1.17187E+11,
2011/11/20,'600030,中信证券,11.43,12.21,11.35,12.05,11.71,-0.28,-2.3911,0.6831,222986867,2633430868,0.020240421,1.12182E+11,
2011/11/27,'600030,中信证券,11.09,11.57,11.05,11.45,11.15,-0.06,-0.5381,0.2511,175142954,1972631791,0.01589765,1.08845E+11,
2011/12/4,'600030,中信证券,10.94,11.4,10.67,11.14,11.13,-0.19,-1.7071,0.4646,276448735,3066801842,0.025093132,1.07372E+11,
2011/12/11,'600030,中信证券,11.01,11.32,10.78,10.97,11.07,-0.06,-0.542,0.2747,154183378,1698466585,0.013995158,1.08059E+11,
2011/12/18,'600030,中信证券,10.41,11.05,10.03,10.99,10.2,0.21,2.0588,0.424,175354351,1843424270,0.015916838,1.02171E+11,
2011/12/25,'600030,中信证券,0,10.39,0,10.26,9.83,None,None,0,178494638,1791618917,0,96478124511,
2012/1/1,'600030,中信证券,9.71,9.86,9.47,9.75,9.6,0.11,1.1458,0.3657,201664258,1948969943,0.018304977,95300365107,
2012/1/8,'600030,中信证券,9.39,9.85,9.04,9.79,9.29,0.1,1.0764,0.5655,138738744,1310725507,0.012593256,92159673363,
2012/1/15,'600030,中信证券,9.8,10.25,9.26,9.36,10.03,-0.23,-2.2931,0.5314,283136242,2803713905,0.025700154,96183684660,
2012/1/22,'600030,中信证券,11.01,11.09,9.8,10,10.84,0.17,1.5683,0.8025,371922474,3926904782,0.033759242,1.08059E+11,
2012/2/5,'600030,中信证券,10.9,11.06,10.4,11.01,10.8,0.1,0.9259,0.5591,231421374,2486266432,0.021006018,1.0698E+11,
2012/2/12,'600030,中信证券,10.97,11.21,10.45,10.93,10.87,0.1,0.92,0.8818,309758840,3368006735,0.028116676,1.07667E+11,
2012/2/19,'600030,中信证券,11.14,11.29,10.72,10.8,11.13,0.01,0.0898,0.4237,272053834,3009325719,0.024694209,1.09335E+11,
2012/2/26,'600030,中信证券,11.79,11.86,11.04,11.32,11.51,0.28,2.4327,1.1598,427141292,4903655261,0.03877143,1.15715E+11,
2012/3/4,'600030,中信证券,12.24,12.29,11.68,11.88,11.85,0.39,3.2911,1.1096,447089998,5366730286,0.040582165,1.20131E+11,
2012/3/11,'600030,中信证券,12.47,12.56,11.85,12.35,12.47,0,0,0.7923,486568491,5997586847,0.044165611,1.22389E+11,
2012/3/18,'600030,中信证券,12.3,12.73,11.77,12.45,11.9,0.4,3.3613,0.8658,455863603,5589363411,0.041378542,1.2072E+11,
2012/3/25,'600030,中信证券,11.65,12.35,11.44,12.25,11.74,-0.09,-0.7666,0.5789,365123974,4323753563,0.033142145,1.14341E+11,
2012/4/1,'600030,中信证券,11.59,11.82,11.16,11.64,11.29,0.3,2.6572,0.7454,262633453,3026080041,0.023839125,1.13752E+11,
2012/4/8,'600030,中信证券,12.42,12.75,11.54,11.64,12.26,0.16,1.3051,0.9036,248559590,3052112724,0.022561646,1.21898E+11,
2012/4/15,'600030,中信证券,13.15,13.41,12.01,12.42,12.99,0.16,1.2317,1.7685,541406626,6924178339,0.049143245,1.29063E+11,
2012/4/22,'600030,中信证券,13.5,13.7,12.67,13,13.29,0.21,1.5801,1.8511,686732723,9091493895,0.062334432,1.32498E+11,
2012/4/29,'600030,中信证券,13,13.5,12.78,13.44,13.13,-0.13,-0.9901,0.6635,568593798,7492312111,0.051611013,1.27591E+11,
2012/5/6,'600030,中信证券,13.53,13.65,13.1,13.4,13.54,-0.01,-0.0739,1.1191,387378358,5179731975,0.035162166,1.32792E+11,
2012/5/13,'600030,中信证券,12.77,13.54,12.72,13.43,12.98,-0.21,-1.6179,0.6069,438895855,5736972707,0.039838387,1.25333E+11,
2012/5/20,'600030,中信证券,13.07,13.38,12.71,12.93,13.31,-0.24,-1.8032,0.8582,468108405,6111765593,0.042489997,1.28278E+11,
2012/5/27,'600030,中信证券,13.24,13.7,12.87,13.01,13.44,-0.2,-1.4881,0.8451,476059178,6356868883,0.043211685,1.29946E+11,
2012/6/3,'600030,中信证券,13.88,13.99,12.98,13.18,13.77,0.11,0.7988,0.7315,450845046,6176835613,0.040923009,1.36228E+11,
2012/6/10,'600030,中信证券,13.14,13.79,13,13.6,13.15,-0.01,-0.076,0.5505,316629192,4210989776,0.028740295,1.28965E+11,
2012/6/17,'600030,中信证券,13.46,13.61,13.08,13.21,13.35,0.11,0.824,0.4479,290375297,3890617405,0.02635724,1.32105E+11,
2012/6/24,'600030,中信证券,12.65,13.75,0,13.52,13.4,-0.75,-5.597,1.2395,210782277,2773834011,0.019132616,1.24155E+11,
2012/7/1,'600030,中信证券,12.63,12.66,11.97,12.65,12.06,0.57,4.7264,0.7692,299033944,3701063010,0.027143181,1.23959E+11,
2012/7/8,'600030,中信证券,12.57,12.77,12.05,12.61,12.18,0.39,3.202,0.5943,236631712,2951638892,0.021478958,1.2337E+11,
2012/7/15,'600030,中信证券,12.66,13.02,12.04,12.4,12.74,-0.08,-0.6279,0.4766,271105840,3375942141,0.02460816,1.24254E+11,
2012/7/22,'600030,中信证券,12.82,13.24,12.4,12.74,12.94,-0.12,-0.9274,0.3919,268117341,3446465198,0.024336895,1.25824E+11,
2012/7/29,'600030,中信证券,12.21,12.74,12.06,12.71,12.22,-0.01,-0.0818,0.4928,290106847,3566635245,0.026332873,1.19837E+11,
2012/8/5,'600030,中信证券,12.01,12.53,11.79,12.22,11.96,0.05,0.4181,0.335,215900395,2623812084,0.019597185,1.17874E+11,
2012/8/12,'600030,中信证券,12.09,12.36,11.95,12,12.24,-0.15,-1.2255,0.3279,190193029,2315800203,0.017263739,1.18659E+11,
2012/8/19,'600030,中信证券,10.8,12.07,10.5,12.07,10.73,0.07,0.6524,0.3309,413200283,4535684346,0.037506011,1.05998E+11,
2012/8/26,'600030,中信证券,10.76,10.97,10.56,10.68,10.81,-0.05,-0.4625,0.355,206414498,2220470706,0.018736155,1.05606E+11,
2012/9/2,'600030,中信证券,10.22,10.73,9.99,10.71,10.34,-0.12,-1.1605,0.2832,302775424,3110936131,0.027482794,1.00306E+11,
2012/9/9,'600030,中信证券,11.48,11.58,10.11,10.15,10.67,0.81,7.5914,1.489,339949417,3701892248,0.030857061,1.12672E+11,
2012/9/16,'600030,中信证券,11.36,11.69,11.08,11.48,11.24,0.12,1.0676,0.7151,330343172,3757004256,0.029985107,1.11495E+11,
2012/9/23,'600030,中信证券,10.77,11.4,10.68,11.32,10.8,-0.03,-0.2778,0.3539,236411194,2578832525,0.021458942,1.05704E+11,
2012/9/30,'600030,中信证券,11.79,11.81,10.57,10.62,11.54,0.25,2.1664,1.0728,399462973,4514232824,0.036259081,1.15715E+11,
2012/10/14,'600030,中信证券,11.54,11.95,11.32,11.79,11.58,-0.04,-0.3454,0.5162,271668965,3173780109,0.024659274,1.13261E+11,
2012/10/21,'600030,中信证券,11.73,11.86,11.44,11.58,11.81,-0.08,-0.6774,0.3414,199138922,2327196089,0.018075754,1.15126E+11,
2012/10/28,'600030,中信证券,11,11.85,10.92,11.66,11.29,-0.29,-2.5686,0.6792,230136677,2628833212,0.020889406,1.07961E+11,
2012/11/4,'600030,中信证券,11.32,11.34,10.69,11.05,11.19,0.13,1.1618,0.5157,284062713,3121229987,0.025784249,1.11102E+11,
2012/11/11,'600030,中信证券,10.78,11.38,10.75,11.3,10.9,-0.12,-1.1009,0.4497,235627893,2607741510,0.021387842,1.05802E+11,
2012/11/18,'600030,中信证券,10.51,10.9,10.39,10.78,10.51,0,0,0.3852,190672122,2025422619,0.017307226,1.03152E+11,
2012/11/25,'600030,中信证券,10.7,10.82,10.4,10.5,10.68,0.02,0.1873,0.4015,199981186,2127604331,0.018152206,1.05017E+11,
2012/12/2,'600030,中信证券,10.01,10.76,9.54,10.65,9.8,0.21,2.1429,0.7331,249156590,2524232638,0.022615836,98244763617,
2012/12/9,'600030,中信证券,10.71,10.85,9.9,9.97,10.49,0.22,2.0972,1.2735,503419557,5287003230,0.045695175,1.05115E+11,
2012/12/16,'600030,中信证券,11.53,11.65,10.69,10.83,10.74,0.79,7.3557,1.7591,403003822,4455446632,0.036580482,1.13163E+11,
2012/12/23,'600030,中信证券,11.87,12.25,11.5,11.52,12.04,-0.17,-1.412,0.8738,497935964,5908357497,0.045197432,1.165E+11,
2012/12/30,'600030,中信证券,13.16,13.24,11.75,11.87,12.2,0.96,7.8689,1.8091,522230781,6458709602,0.047402662,1.29161E+11,
2013/1/6,'600030,中信证券,13.26,13.72,13.05,13.16,13.36,-0.1,-0.7485,1.2896,284520202,3790267681,0.025825775,1.30142E+11,
2013/1/13,'600030,中信证券,12.71,13.57,12.58,13.19,13.22,-0.51,-3.8578,1.199,510572648,6678048874,0.046344458,1.24744E+11,
2013/1/20,'600030,中信证券,13.5,13.83,12.6,12.63,13.32,0.18,1.3514,1.1736,629207248,8458716335,0.057112869,1.32498E+11,
2013/1/27,'600030,中信证券,13.54,14.31,13.44,13.58,13.86,-0.32,-2.3088,1.0876,707952241,9818873111,0.064260518,1.32891E+11,
2013/2/3,'600030,中信证券,15.74,15.85,13.62,13.62,15.18,0.56,3.6891,1.6187,889976416,13244166750,0.080782774,1.54483E+11,
2013/2/10,'600030,中信证券,15.5,15.97,14.76,15.9,15.33,0.17,1.1089,1.2493,765130062,11751764407,0.069450524,1.52127E+11,
2013/2/24,'600030,中信证券,13.71,15.74,13.68,15.66,13.91,-0.2,-1.4378,0.8828,621801070,8982483737,0.056440614,1.34559E+11,
2013/3/3,'600030,中信证券,14.77,14.87,13.45,13.95,14.65,0.12,0.8191,1.2935,634675046,8975472225,0.057609179,1.44963E+11,
2013/3/10,'600030,中信证券,13.74,14.63,13.55,14.35,13.98,-0.24,-1.7167,0.9,709089350,10035248402,0.064363733,1.34853E+11,
2013/3/17,'600030,中信证券,12.89,13.93,12.55,13.7,13.16,-0.27,-2.0517,2.0235,577814798,7679944317,0.052447999,1.26511E+11,
2013/3/24,'600030,中信证券,13.31,13.55,12.33,12.85,13.47,-0.16,-1.1878,0.8602,673952548,8749817179,0.061174381,1.30633E+11,
2013/3/31,'600030,中信证券,12.17,13.47,12.09,13.42,12.27,-0.1,-0.815,0.6577,547344773,6904086017,0.049682248,1.19444E+11,
2013/4/7,'600030,中信证券,12.12,12.4,12,12.16,12.29,-0.17,-1.3832,0.6543,244911449,2995251643,0.022230506,1.18954E+11,
2013/4/14,'600030,中信证券,11.72,12.3,11.68,11.8,11.95,-0.23,-1.9247,0.6752,370179396,4427518731,0.033601023,1.15028E+11,
2013/4/21,'600030,中信证券,12.82,12.95,11.5,11.65,12.15,0.67,5.5144,2.0441,514327238,6289786794,0.04668526,1.25824E+11,
2013/4/28,'600030,中信证券,12.42,12.87,12.08,12.74,12.51,-0.09,-0.7194,0.6745,461238452,5772800885,0.041866414,1.21898E+11,
2013/5/5,'600030,中信证券,12.86,13.13,12.21,12.32,12.48,0.38,3.0449,1.2409,189169254,2410151438,0.017170811,1.26217E+11,
2013/5/12,'600030,中信证券,12.64,13.09,12.46,12.97,12.64,0,0,0.5404,401481801,5115921989,0.036442329,1.24057E+11,
2013/5/19,'600030,中信证券,12.79,12.86,12.12,12.69,12.6,0.19,1.5079,1.1387,420501755,5232522119,0.038168762,1.2553E+11,
2013/5/26,'600030,中信证券,12.68,13.09,12.5,12.82,12.56,0.12,0.9554,0.6658,470637145,6033340432,0.04271953,1.2445E+11,
2013/6/2,'600030,中信证券,12.99,13.43,12.61,12.65,13.21,-0.22,-1.6654,0.8172,583159643,7656171820,0.052933148,1.27492E+11,
2013/6/9,'600030,中信证券,12.12,13.23,12.01,12.99,12.72,-0.6,-4.717,1.6334,444953603,5642233211,0.040388246,1.18954E+11,
2013/6/16,'600030,中信证券,11.34,11.88,11.11,11.88,11.35,-0.01,-0.0881,0.9204,230543009,2630878145,0.020926289,1.11298E+11,
2013/6/23,'600030,中信证券,11.05,11.4,10.54,11.37,10.82,0.23,2.1257,0.9669,380393216,4187176365,0.034528127,1.08452E+11,
2013/6/30,'600030,中信证券,10.13,10.97,9.29,10.95,9.84,0.29,2.9472,1.2029,584241647,5892651885,0.053031361,99422523021,
2013/7/7,'600030,中信证券,10.09,10.33,9.77,10.28,10.06,0.03,0.2982,0.6582,357027884,3599543636,0.032407266,99029936553,
2013/7/14,'600030,中信证券,10.54,11.19,9.8,9.94,11.01,-0.47,-4.2688,1.1831,520169291,5449560688,0.047215541,1.03447E+11,
2013/7/21,'600030,中信证券,10.12,11.29,10.11,10.8,10.35,-0.23,-2.2222,0.7288,477304716,5131094043,0.043324742,99324376404,
2013/7/28,'600030,中信证券,10.66,10.98,10.01,10.07,10.76,-0.1,-0.9294,0.4854,366560980,3910965525,0.033272581,1.04624E+11,
2013/8/4,'600030,中信证券,10.94,11.14,10.34,10.48,10.97,-0.03,-0.2735,0.836,350033819,3771158168,0.031772418,1.07372E+11,
2013/8/11,'600030,中信证券,10.87,11.44,10.6,10.89,10.71,0.16,1.4939,0.6879,359877294,3960108802,0.032665906,1.06685E+11,
2013/8/18,'600030,中信证券,11.01,12.27,10.9,10.9,11.15,-0.14,-1.2556,2.8376,647753220,7359588246,0.058796279,1.08059E+11,
2013/8/25,'600030,中信证券,10.51,10.99,10.3,10.75,10.63,-0.12,-1.1289,0.7442,473589563,5067332037,0.042987519,1.03152E+11,
2013/9/1,'600030,中信证券,11.03,11.24,10.66,10.72,11,0.03,0.2727,1.0258,470193048,5176603550,0.042679219,1.08256E+11,
2013/9/8,'600030,中信证券,11.07,11.22,10.91,11.03,11.05,0.02,0.181,0.74,324823281,3604305292,0.029484068,1.08648E+11,
2013/9/15,'600030,中信证券,13.22,13.85,11.12,11.18,13.56,-0.34,-2.5074,2.2174,1631515056,21016504508,0.148091914,1.2975E+11,
2013/9/22,'600030,中信证券,12.79,13.28,12.31,13.28,12.56,0.23,1.8312,1.369,502280365,6385514760,0.045591771,1.2553E+11,
2013/9/29,'600030,中信证券,12.36,12.83,12,12.78,12.02,0.34,2.8286,0.9651,544079061,6713589523,0.049385821,1.21309E+11,
2013/10/6,'600030,中信证券,12.29,12.46,12.22,12.39,12.36,-0.07,-0.5663,0.6245,61293667,753353228,0.0055636,1.20622E+11,
2013/10/13,'600030,中信证券,12.3,12.64,12.01,12.21,12.05,0.25,2.0747,1.1142,415870397,5110111669,0.037748376,1.2072E+11,
2013/10/20,'600030,中信证券,12,12.3,11.75,12.3,11.81,0.19,1.6088,1.1146,448349583,5403010150,0.040696497,1.17776E+11,
2013/10/27,'600030,中信证券,11.64,12.38,11.55,12.08,11.83,-0.19,-1.6061,0.9189,457091559,5500131350,0.041490003,1.14243E+11,
2013/11/3,'600030,中信证券,11.98,12.12,11.55,11.66,11.85,0.13,1.097,0.6825,385354429,4581198869,0.034978454,1.1758E+11,
2013/11/10,'600030,中信证券,11.07,12.1,10.9,12.06,11.49,-0.42,-3.6554,0.8657,282502549,3271920032,0.025642634,1.08648E+11,
2013/11/17,'600030,中信证券,11.55,11.85,10.76,11.07,10.9,0.65,5.9633,1.6505,368290765,4143000257,0.033429593,1.13359E+11,
2013/11/24,'600030,中信证券,12.68,12.95,11.72,11.87,12.56,0.12,0.9554,2.1644,1266230196,15905325838,0.114935166,1.2445E+11,
2013/12/1,'600030,中信证券,12.9,13.14,12.42,12.5,12.84,0.06,0.4673,0.886,731810322,9367487682,0.066426106,1.26609E+11,
2013/12/8,'600030,中信证券,13.1,13.84,12.95,13.35,13.45,-0.35,-2.6022,2.1487,989686560,13226376425,0.08983342,1.28572E+11,
2013/12/15,'600030,中信证券,12.71,13.32,12.41,13.11,12.61,0.1,0.793,0.6874,441542327,5671873539,0.040078606,1.24744E+11,
2013/12/22,'600030,中信证券,12.25,12.8,12.14,12.74,12.6,-0.35,-2.7778,1.0245,346530865,4330725962,0.031454456,1.2023E+11,
2013/12/29,'600030,中信证券,12.41,12.52,12.1,12.3,12.24,0.17,1.3889,1.0835,366322134,4516540711,0.033250901,1.218E+11,
2014/1/5,'600030,中信证券,12.23,12.8,12.2,12.54,12.59,-0.36,-2.8594,0.8562,387392966,4833196482,0.035163492,1.20033E+11,
2014/1/12,'600030,中信证券,11.52,12.25,11.5,12.2,11.82,-0.3,-2.5381,0.774,370930112,4429452564,0.033669165,1.13065E+11,
2014/1/19,'600030,中信证券,11.65,11.72,11.34,11.5,11.56,0.09,0.7785,0.8134,288715943,3320659108,0.026206621,1.14341E+11,
2014/1/26,'600030,中信证券,11.96,12.12,11.46,11.55,11.91,0.05,0.4198,0.7355,340931012,4051904189,0.03094616,1.17383E+11,
2014/2/2,'600030,中信证券,11.58,11.9,11.51,11.85,11.68,-0.1,-0.8562,0.4213,238094792,2768720216,0.021611761,1.13654E+11,
2014/2/9,'600030,中信证券,11.48,11.51,11.34,11.4,11.58,-0.1,-0.8636,0.7271,71361825,815642338,0.006477482,1.12672E+11,
2014/2/16,'600030,中信证券,11.87,12.15,11.53,11.53,11.87,0,0,0.5303,414531111,4927782098,0.037626809,1.165E+11,
2014/2/23,'600030,中信证券,10.98,12.04,10.89,11.98,11.15,-0.17,-1.5247,1.133,576735388,6590426953,0.052350021,1.07765E+11,
2014/3/2,'600030,中信证券,10.83,10.9,10.21,10.9,10.44,0.39,3.7356,1.2951,508834758,5377669985,0.04618671,1.06293E+11,
2014/3/9,'600030,中信证券,10.52,10.76,10.44,10.73,10.65,-0.13,-1.2207,0.7567,406395678,4321318431,0.03688836,1.0325E+11,
2014/3/16,'600030,中信证券,10.23,10.43,10,10.38,10.3,-0.07,-0.6796,0.5837,368666453,3758321245,0.033463694,1.00404E+11,
2014/3/23,'600030,中信证券,10.56,10.6,9.97,10.3,10.05,0.51,5.0746,1.2593,304175203,3116611174,0.027609851,1.03643E+11,
2014/3/30,'600030,中信证券,10.66,10.95,10.44,10.6,10.54,0.12,1.1385,0.8285,482542234,5167622392,0.043800149,1.04624E+11,
2014/4/6,'600030,中信证券,10.91,11.06,10.47,10.68,10.78,0.13,1.2059,0.5002,292226838,3148281534,0.026525303,1.07078E+11,
2014/4/13,'600030,中信证券,12.23,12.69,10.86,10.9,12.28,-0.05,-0.4072,4.3129,1120935175,13397296302,0.1017468,1.20033E+11,
2014/4/20,'600030,中信证券,11.86,12.3,11.59,12.13,11.77,0.09,0.7647,1.044,671735245,7981672550,0.060973117,1.16402E+11,
2014/4/27,'600030,中信证券,11.21,11.94,11.12,11.81,11.44,-0.23,-2.0105,0.7412,462280266,5297799024,0.041960979,1.10022E+11,
2014/5/4,'600030,中信证券,11.39,11.44,10.98,11.22,11.43,-0.04,-0.35,0.6437,234876290,2641680024,0.021319619,1.11789E+11,
2014/5/11,'600030,中信证券,11.53,11.75,11.21,11.35,11.46,0.07,0.6108,0.811,351679202,4036019941,0.031921769,1.13163E+11,
2014/5/18,'600030,中信证券,11.34,12.1,11.3,11.8,11.63,-0.29,-2.4936,0.9164,504155508,5945477196,0.045761977,1.11298E+11,
2014/5/25,'600030,中信证券,11.42,11.5,11,11.22,11.24,0.18,1.6014,0.5434,325956949,3653879803,0.029586971,1.12083E+11,
2014/6/1,'600030,中信证券,11.32,11.55,11.12,11.45,11.29,0.03,0.2657,0.6115,327944273,3724874057,0.02976736,1.11102E+11,
2014/6/8,'600030,中信证券,11.3,11.52,11.17,11.32,11.41,-0.11,-0.9641,0.6038,216405425,2448532044,0.019643027,1.10906E+11,
2014/6/15,'600030,中信证券,11.46,11.58,11.13,11.21,11.33,0.13,1.1474,0.9673,381767168,4348257474,0.03465284,1.12476E+11,
2014/6/22,'600030,中信证券,11.3,11.7,11.17,11.49,11.23,0.07,0.6233,0.481,324962081,3729885342,0.029496667,1.10906E+11,
2014/6/29,'600030,中信证券,11.42,11.46,11.23,11.29,11.4,0.02,0.1754,0.4534,212640186,2413568554,0.019301258,1.12083E+11,
2014/7/6,'600030,中信证券,11.55,11.65,11.37,11.45,11.54,0.01,0.0867,0.5331,298539209,3431533049,0.027098275,1.13359E+11,
2014/7/13,'600030,中信证券,11.51,11.6,11.35,11.55,11.4,0.11,0.9649,0.4535,242818758,2785148465,0.022040553,1.12967E+11,
2014/7/20,'600030,中信证券,11.85,11.92,11.49,11.51,11.69,0.16,1.3687,1.1053,409479547,4791362068,0.037168281,1.16304E+11,
2014/7/27,'600030,中信证券,12.66,12.67,11.66,11.82,12.51,0.15,1.199,1.3241,692874248,8475221411,0.062891895,1.24254E+11,
2014/8/3,'600030,中信证券,12.83,13.5,12.71,12.71,13.16,-0.33,-2.5076,1.3221,813205148,10637850353,0.073814279,1.25922E+11,
2014/8/10,'600030,中信证券,13.06,13.66,12.92,12.93,13.08,-0.02,-0.1529,1.2324,875587261,11663557034,0.079476676,1.28179E+11,
2014/8/17,'600030,XD中信证,13.32,13.52,13.03,13.1,13.02,0.3,2.3041,1.3763,644572935,8566353707,0.058507606,1.30731E+11,
2014/8/24,'600030,中信证券,12.98,13.48,12.75,13.4,12.85,0.13,1.0117,1.1619,544255652,7117557442,0.04940185,1.27394E+11,
2014/8/31,'600030,中信证券,12.89,13,12.55,13,12.64,0.25,1.9778,0.6908,375746675,4785702480,0.034106363,1.26511E+11,
2014/9/7,'600030,中信证券,13.63,13.89,12.79,12.9,13.55,0.08,0.5904,2.0171,753236404,10038295354,0.068370942,1.33774E+11,
2014/9/14,'600030,中信证券,13.38,13.76,13.21,13.64,13.38,0,0,1.0191,482552773,6466220542,0.043801106,1.3132E+11,
2014/9/21,'600030,中信证券,13.11,13.38,12.8,13.38,12.99,0.12,0.9238,0.7246,500254873,6547031234,0.045407918,1.2867E+11,
2014/9/28,'600030,中信证券,13.28,13.66,12.79,13.05,13.31,-0.03,-0.2254,1.2787,741709129,9835499269,0.067324616,1.30339E+11,
2014/10/5,'600030,中信证券,13.32,13.5,13.23,13.34,13.39,-0.07,-0.5228,1.0711,277932706,3711431810,0.025227831,1.30731E+11,
2014/10/12,'600030,中信证券,13.24,13.49,13.2,13.38,13.39,-0.15,-1.1202,1.3016,372762836,4968041391,0.033835521,1.29946E+11,
2014/10/19,'600030,中信证券,13.3,13.45,12.94,13.14,13.14,0.16,1.2177,1.6533,731254131,9638638375,0.06637562,1.30535E+11,
2014/10/26,'600030,中信证券,12.68,13.43,12.63,13.32,12.81,-0.13,-1.0148,1.0251,640813117,8389540034,0.058166329,1.2445E+11,
2014/11/2,'600030,中信证券,13.27,13.53,12.25,12.44,12.98,0.29,2.2342,3.0403,900451177,11607811691,0.081733563,1.30241E+11,
2014/11/9,'600030,中信证券,13.63,14.13,13.03,13.35,13.18,0.45,3.4143,6.1225,1334536658,17938556102,0.121135314,1.33774E+11,
2014/11/16,'600030,中信证券,15.38,15.59,13.71,14.05,15.06,0.32,2.1248,4.5073,2676513577,39429002346,0.242945977,1.50949E+11,
2014/11/23,'600030,中信证券,15.57,15.68,14.34,15.5,14.6,0.97,6.6438,5.1267,1692046847,25243126410,0.153586359,1.52814E+11,
2014/11/30,'600030,中信证券,17.26,17.65,15.88,15.99,17.51,-0.25,-1.4278,5.2297,2608027753,43922511573,0.236729549,1.69401E+11,
2014/12/7,'600030,中信证券,23.18,23.18,17.01,17.44,21.07,2.11,10.0142,12.4212,4137851067,83138662943,0.375590948,2.27504E+11,
2014/12/14,'600030,中信证券,25.47,28.05,22.81,23.17,24.71,0.76,3.0757,8.7583,5257171179,1.37275E+11,0.477191149,2.49979E+11,
2014/12/21,'600030,中信证券,32.23,33.3,24.81,25.16,31.74,0.49,1.5438,10.1539,5049968842,1.54086E+11,0.458383483,3.16327E+11,
2014/12/28,'600030,中信证券,32.12,32.39,27.2,31.3,29.2,2.92,10,8.8556,3679481879,1.11239E+11,0.333984975,3.15247E+11,
2015/1/4,'600030,中信证券,33.9,35.36,30.88,34.04,33.46,0.44,1.315,7.1617,2490290973,82692191567,0.226042632,3.32717E+11,
2015/1/11,'600030,中信证券,34.96,37.25,33.01,33.9,35.25,-0.29,-0.8227,7.7806,3499522193,1.23171E+11,0.317650113,3.43121E+11,
2015/1/18,'600030,中信证券,32.91,35.38,31.69,34.7,33.37,-0.46,-1.3785,5.9673,3088276880,1.01889E+11,0.280321554,3.23001E+11,
2015/1/25,'600030,中信证券,29.21,30.43,26.66,29.62,28.43,0.78,2.7436,6.2895,3527532762,98216830134,0.32019262,2.86686E+11,
2015/2/1,'600030,中信证券,27.86,29.76,27.5,29.2,28.18,-0.32,-1.1356,3.0996,2115558348,60215373324,0.192028314,2.73436E+11,
2015/2/8,'600030,中信证券,28.31,29.45,26.69,27,28.08,0.23,0.8191,3.5568,2208058250,62264513347,0.20042449,2.77853E+11,
2015/2/15,'600030,中信证券,29.13,29.89,27.99,28.05,29,0.13,0.4483,3.4243,1851116257,54095580631,0.16802502,2.85901E+11,
2015/2/22,'600030,中信证券,29.18,29.73,28.72,29.1,28.97,0.21,0.7249,2.6765,502201180,14646645581,0.045584583,2.86392E+11,
2015/3/1,'600030,中信证券,29.53,30.18,28.04,29.25,29.93,-0.4,-1.3365,3.1777,998397043,29319216305,0.090624067,2.89827E+11,
2015/3/8,'600030,中信证券,28.11,30.48,28,30.12,28.28,-0.17,-0.6011,2.0813,1471967512,42607784240,0.133609853,2.7589E+11,
2015/3/15,'600030,中信证券,28.23,28.87,26.8,27,28.2,0.03,0.1064,2.6878,1381731016,38335111377,0.125419125,2.77068E+11,
2015/3/22,'600030,中信证券,32.35,32.66,27.96,28.4,29.69,2.66,8.9592,9.7473,2661125951,80301769346,0.241549249,3.17504E+11,
2015/3/29,'600030,中信证券,32.12,33.53,31.6,32.69,32.02,0.1,0.3123,3.1662,2548006710,82975092178,0.231281465,3.15247E+11,
2015/4/5,'600030,中信证券,34.22,34.96,31.82,32.16,33.44,0.78,2.3325,5.8634,2753953321,92261027525,0.249975149,3.35858E+11,
2015/4/12,'600030,中信证券,35.84,38.4,34.03,34.87,35.77,0.07,0.1957,5.2319,2674245786,95598311644,0.242740131,3.51757E+11,
2015/4/19,'600030,中信证券,35.14,36.19,33.51,35.92,35.01,0.13,0.3713,5.0706,2141424680,74940155033,0.19437619,3.44887E+11,
2015/4/26,'600030,中信证券,35.4,38.36,33.35,35.2,36.84,-1.44,-3.9088,5.4719,3088070388,1.1068E+11,0.280302811,3.47439E+11,
2015/5/3,'600030,中信证券,34.36,36.52,34.3,35.77,35.58,-1.22,-3.4289,4.581,1622732399,57551074761,0.147294716,3.37232E+11,
2015/5/10,'600030,中信证券,33.32,34.95,32.47,34.21,33.16,0.16,0.4825,2.9752,1550500931,52098816141,0.140738297,3.27025E+11,
2015/5/17,'600030,中信证券,31.98,35.29,31.83,33.6,33.09,-1.11,-3.3545,3.0862,1663660672,55844725849,0.151009758,3.13873E+11,
2015/5/24,'600030,中信证券,33.12,33.79,30.78,31.63,32.31,0.81,2.507,4.1068,1714535456,55648191396,0.15562764,3.25062E+11,
2015/5/31,'600030,中信证券,30.37,34.78,29.79,33.25,30.73,-0.36,-1.1715,4.0356,2167517166,71907312043,0.196744594,2.98071E+11,
2015/6/7,'600030,中信证券,31.89,33.28,30,30.38,32.21,-0.32,-0.9935,4.1581,1826072893,58089759245,0.165751845,3.1299E+11,
2015/6/14,'600030,中信证券,31.99,34.29,31.68,31.93,32.08,-0.09,-0.2805,2.8276,1945759641,63740472754,0.176615759,3.13971E+11,
2015/6/21,'600030,中信证券,28.34,32.68,28.19,32.46,29.9,-1.56,-5.2174,2.6611,1308626555,40390630238,0.118783465,2.78148E+11,
2015/6/28,'600030,中信证券,26.03,29.98,25.79,28.38,28.65,-2.62,-9.1449,4.6334,1310456165,37259475823,0.108151033,2.55476E+11,
2015/7/5,'600030,中信证券,24.97,27.28,23.38,26.9,25.5,-0.53,-2.0784,3.9277,2120575326,54553990102,0.175009603,2.45072E+11,
2015/7/12,'600030,中信证券,27.72,28.3,21.2,27.47,25.77,1.95,7.5669,7.3767,3149814538,80723397871,0.259951997,2.72062E+11,
2015/7/19,'600030,中信证券,25.38,28.56,23.7,27.1,24.48,0.9,3.6765,3.047,1936333134,50313270603,0.159804223,2.49096E+11,
2015/7/26,'600030,中信证券,23.9,25.34,23.87,25.2,24.54,-0.64,-2.608,2.3972,1233194411,30182885039,0.101774675,2.3457E+11,
2015/8/2,'600030,中信证券,20.79,23.65,19.96,23.58,20.88,-0.09,-0.431,1.9358,1455452699,31649123043,0.120117496,2.04047E+11,
2015/8/9,'600030,中信证券,20.28,21.07,19.73,20.3,19.85,0.43,2.1662,1.7081,786524695,16068842256,0.064911335,1.99041E+11,
2015/8/16,'600030,XD中信证,22.43,22.78,20.28,20.44,21.88,0.55,2.5137,3.1596,1483911380,32624164638,0.122466171,2.20143E+11,
2015/8/23,'600030,中信证券,18.2,22.96,18.03,22.01,19.75,-1.55,-7.8481,2.3953,1193629719,24774645446,0.098509428,1.78627E+11,
2015/8/30,'600030,中信证券,15.86,17.58,14.08,17.4,15.38,0.48,3.1209,5.4063,2171121415,33194020471,0.179181136,1.55661E+11,
2015/9/6,'600030,中信证券,14.87,15.31,14.2,15.16,15.19,-0.32,-2.1066,3.6914,1430998085,21231362957,0.118099274,1.45944E+11,
2015/9/13,'600030,中信证券,15.02,15.79,14.28,14.85,15.15,-0.13,-0.8581,1.4404,1077877470,16410823610,0.088956476,1.47416E+11,
2015/9/20,'600030,中信证券,13.78,15.13,12.84,15.08,13.83,-0.05,-0.3615,1.5288,1172138042,16327763676,0.096735735,1.35246E+11,
2015/9/27,'600030,中信证券,13.3,14.68,13.26,13.5,13.77,-0.47,-3.4132,1.2035,848813545,11800192199,0.07005199,1.30535E+11,
2015/10/4,'600030,中信证券,13.58,13.99,13.01,13.27,13.34,0.24,1.7991,1.7778,378987809,5113387875,0.0312776,1.33283E+11,
2015/10/11,'600030,中信证券,14.49,14.69,14.17,14.65,14.26,0.23,1.6129,2.0787,456432575,6597696659,0.037669062,1.42214E+11,
2015/10/18,'600030,中信证券,15.89,16.3,14.37,14.55,15.72,0.17,1.0814,3.3282,1353961855,20927734821,0.111741528,1.55955E+11,
2015/10/25,'600030,中信证券,15.7,16.68,14.78,15.9,15.35,0.35,2.2801,2.133,1289750789,20274601393,0.106442233,1.5409E+11,
2015/11/1,'600030,中信证券,15.87,16.44,15.12,15.98,15.29,0.58,3.7933,3.7526,1184083560,18651183235,0.09772159,1.55759E+11,
2015/11/8,'600030,中信证券,20.5,20.5,15.48,15.55,18.64,1.86,9.9785,8.8056,2746329555,49885767632,0.226652663,2.01201E+11,
2015/11/15,'600030,中信证券,20.26,21.79,19.71,21,20.16,0.1,0.496,3.9175,2774174070,57333187905,0.228950651,1.98845E+11,
2015/11/22,'600030,中信证券,20.53,22.14,19.42,19.72,21.07,-0.54,-2.5629,2.6213,2133452748,44069072424,0.176072367,2.01495E+11,
2015/11/29,'600030,中信证券,17.9,21.1,17.9,20.53,19.89,-1.99,-10.005,4.9311,1317667111,25777790857,0.108746148,1.75682E+11,
2015/12/6,'600030,中信证券,18.24,19.15,17,17.79,18.74,-0.5,-2.6681,1.5375,1097512816,19931538374,0.090576967,1.79019E+11,
2015/12/13,'600030,中信证券,17.85,18.64,17.4,18.01,17.82,0.03,0.1684,1.4246,658052482,11789181182,0.054308612,1.75192E+11,
2015/12/20,'600030,中信证券,18.86,19.54,17.51,17.58,19.06,-0.2,-1.0493,1.4326,1067678886,20097918516,0.088114794,1.85105E+11,
2015/12/27,'600030,中信证券,20.79,21.92,18.73,18.8,20.63,0.16,0.7756,2.8,2061492358,42544857308,0.170133527,2.04047E+11,
2016/1/3,'600030,中信证券,19.35,21.05,19.3,20.98,19.7,-0.35,-1.7766,1.2512,894182232,17740025341,0.073796236,1.89914E+11,
2016/1/10,'600030,中信证券,16.83,19.29,16,19.29,16.34,0.49,2.9988,3.0355,992494927,17333504094,0.081909914,1.65181E+11,
2016/1/17,'600030,中信证券,15.55,16.48,15.28,16.3,16.29,-0.74,-4.5427,2.2031,1093788830,17488583997,0.090269629,1.52618E+11,
2016/1/24,'600030,中信证券,15.28,16.29,14.83,15.15,15.1,0.18,1.1921,1.2482,792064898,12469900629,0.065368564,1.49968E+11,
2016/1/31,'600030,中信证券,14.5,15.55,13.45,15.34,13.7,0.8,5.8394,2.1575,848335822,12134697371,0.070012564,1.42313E+11,
2016/2/7,'600030,中信证券,14.18,14.88,14.01,14.35,14.63,-0.45,-3.0759,1.1901,561152904,8092775207,0.046311558,1.39172E+11,
2016/2/21,'600030,中信证券,15.1,15.52,13.71,13.79,14.95,0.15,1.0033,0.9031,621732585,9201753530,0.051311157,1.48201E+11,
2016/2/28,'600030,中信证券,14.39,15.86,14,15.4,14.16,0.23,1.6243,1.3233,678860845,10162709045,0.056025912,1.41233E+11,
2016/3/6,'600030,中信证券,16,16.25,13.6,14.29,15.92,0.08,0.5025,3.2544,1415997676,21797841637,0.116861301,1.57035E+11,
2016/3/13,'600030,中信证券,15.95,16.32,15.28,16.18,15.53,0.42,2.7044,1.9035,796966089,12661041615,0.065773056,1.56544E+11,
2016/3/20,'600030,中信证券,16.95,17.37,15.81,16,16.62,0.33,1.9856,2.8757,1020390704,16801721842,0.084212133,1.66359E+11,
2016/3/27,'600030,中信证券,17.49,18.65,17.21,17.5,17.41,0.08,0.4595,1.7401,1700250253,30809746888,0.140320468,1.71658E+11,
2016/4/3,'600030,中信证券,17.7,18.21,16.9,17.47,17.8,-0.1,-0.5618,1.2859,794820793,13943970675,0.065596006,1.7372E+11,
2016/4/10,'600030,中信证券,16.94,18.28,16.8,17.58,17.33,-0.39,-2.2504,1.2632,517140389,9086279485,0.042679236,1.6626E+11,
2016/4/17,'600030,中信证券,17.9,18.28,17.2,17.7,18,-0.1,-0.5556,1.033,763732144,13591744684,0.063030281,1.75682E+11,
2016/4/24,'600030,中信证券,17.04,17.73,16.3,17.65,16.89,0.15,0.8881,0.6764,563202135,9648036176,0.046480679,1.67242E+11,
2016/5/1,'600030,中信证券,16.44,17.06,16.3,17.05,16.51,-0.07,-0.424,0.6633,381874587,6360128354,0.031515843,1.61353E+11,
2016/5/8,'600030,中信证券,16.1,16.98,16.08,16.36,16.73,-0.63,-3.7657,1.3467,385072344,6392543883,0.031779752,1.58016E+11,
2016/5/15,'600030,中信证券,15.41,16,15.16,16,15.6,-0.19,-1.2179,0.4865,330087335,5145132756,0.027241878,1.51244E+11,
2016/5/22,'600030,中信证券,15.69,15.75,15.22,15.31,15.53,0.16,1.0303,0.6465,302600268,4695268718,0.024973389,1.53992E+11,
2016/5/29,'600030,中信证券,15.52,15.93,15.34,15.69,15.57,-0.05,-0.3211,0.3823,250682719,3915974329,0.02068867,1.52324E+11,
2016/6/5,'600030,中信证券,16.62,16.94,15.3,15.45,16.6,0.02,0.1205,1.1759,586207747,9684653266,0.048379317,1.6312E+11,
2016/6/12,'600030,中信证券,16.39,16.7,16.31,16.65,16.49,-0.1,-0.6064,0.5584,169417849,2793461770,0.013981937,1.60862E+11,
2016/6/19,'600030,中信证券,15.67,16.25,15.37,16.2,15.64,0.03,0.1918,0.7202,363940889,5751176133,0.030035788,1.53796E+11,
2016/6/26,'600030,中信证券,15.69,16.5,15.41,15.71,15.96,-0.27,-1.6917,0.9178,379006977,6031124584,0.031279181,1.53992E+11,
2016/7/3,'600030,中信证券,16.13,16.4,15.61,15.66,16.23,-0.1,-0.6161,0.6956,435063928,7022611643,0.035905523,1.5831E+11,
2016/7/10,'600030,中信证券,16.59,16.88,16.01,16.03,16.6,-0.01,-0.0602,0.8274,468486345,7756858571,0.038663851,1.62825E+11,
2016/7/17,'600030,中信证券,16.82,17.3,16.49,16.63,16.96,-0.14,-0.8255,0.7378,653171619,11013744767,0.053905798,1.65083E+11,
2016/7/24,'600030,中信证券,16.62,16.87,16.41,16.7,16.7,-0.08,-0.479,0.5642,295330667,4911598153,0.024373434,1.6312E+11,
2016/7/31,'600030,中信证券,16.22,16.85,16.11,16.61,16.31,-0.09,-0.5518,0.4246,388819777,6404794238,0.032089025,1.59194E+11,
2016/8/7,'600030,中信证券,16.24,16.4,16,16.26,16.21,0.03,0.1851,0.4295,180373840,2916780513,0.014886127,1.5939E+11,
2016/8/14,'600030,中信证券,17.15,17.17,16.1,16.24,16.53,0.62,3.7508,2.2328,458996022,7651301349,0.037880622,1.68321E+11,
2016/8/21,'600030,XD中信证,16.94,18.72,16.76,17.19,16.97,-0.03,-0.1768,0.9034,1041974377,18430038000,0.085993419,1.6626E+11,
2016/8/28,'600030,中信证券,16.73,17.05,16.58,16.89,16.8,-0.07,-0.4167,0.5856,334829731,5620278587,0.027633264,1.64199E+11,
2016/9/4,'600030,中信证券,16.8,16.99,16.61,16.75,16.67,0.13,0.7798,0.7718,326494658,5476997497,0.026945376,1.64886E+11,
2016/9/11,'600030,中信证券,16.72,16.98,16.58,16.84,16.73,-0.01,-0.0598,0.6899,288556240,4842429973,0.023814345,1.64101E+11,
2016/9/18,'600030,中信证券,16.19,16.49,16.11,16.39,16.33,-0.14,-0.8573,0.6479,259089637,4219493841,0.021382487,1.58899E+11,
2016/9/25,'600030,中信证券,16.15,16.42,16.1,16.2,16.29,-0.14,-0.8594,0.3937,240582476,3907133974,0.019855104,1.58507E+11,
2016/10/2,'600030,中信证券,16.12,16.34,15.86,16.14,16.15,-0.03,-0.1858,0.579,257704380,4149606471,0.021268163,1.58212E+11,
2016/10/16,'600030,中信证券,16.46,16.58,16.2,16.29,16.39,0.07,0.4271,0.4389,265318688,4351911817,0.021896566,1.61549E+11,
2016/10/23,'600030,中信证券,16.63,16.86,16.2,16.46,16.49,0.14,0.849,0.8528,307105204,5073581385,0.025345178,1.63218E+11,
2016/10/30,'600030,中信证券,16.81,17.28,16.6,16.64,16.76,0.05,0.2983,1.4507,533621187,9039908251,0.044039384,1.64984E+11,
2016/11/6,'600030,中信证券,16.84,17.2,16.47,16.7,16.86,-0.02,-0.1186,1.0778,522420055,8802855704,0.043114963,1.65279E+11,
2016/11/13,'600030,中信证券,17.55,17.68,16.5,16.86,17.01,0.54,3.1746,3.367,812210402,13887102642,0.067031158,1.72247E+11,
2016/11/20,'600030,中信证券,17.21,17.98,17.18,17.4,17.45,-0.24,-1.3754,0.9414,772714192,13551820362,0.063771563,1.6891E+11,
2016/11/27,'600030,中信证券,17.67,17.81,17.13,17.17,17.6,0.07,0.3977,1.3476,750038093,13157459409,0.061900121,1.73425E+11,
2016/12/4,'600030,中信证券,17.36,18.29,17.32,17.76,17.83,-0.47,-2.636,2.2657,1078099315,19136875656,0.088974785,1.70383E+11,
2016/12/11,'600030,中信证券,16.78,17.19,16.66,17.1,16.7,0.08,0.479,0.9129,559689693,9433235485,0.0461908,1.6469E+11,
2016/12/18,'600030,中信证券,16.1,16.8,16,16.74,16.12,-0.02,-0.1241,0.7089,470714543,7680490548,0.038847743,1.58016E+11,
2016/12/25,'600030,中信证券,15.99,16.23,15.9,16,16.16,-0.17,-1.052,0.5241,286755195,4608428803,0.023665706,1.56936E+11,
2017/1/1,'600030,中信证券,16.06,16.16,15.78,15.91,15.92,0.14,0.8794,0.4603,201292494,3222514207,0.016612529,1.57623E+11,
2017/1/8,'600030,中信证券,16.01,16.27,15.99,16.08,16.15,-0.14,-0.8669,0.5264,213505020,3448080044,0.01762042,1.57133E+11,
2017/1/15,'600030,中信证券,16.21,16.35,15.97,16.01,16.15,0.06,0.3715,0.8408,263600511,4260335054,0.021754766,1.59096E+11,
2017/1/22,'600030,中信证券,16.41,16.43,16.02,16.18,16.27,0.14,0.8605,0.6435,368695685,6003653045,0.030428198,1.61059E+11,
2017/1/29,'600030,中信证券,16.48,16.59,16.32,16.4,16.39,0.09,0.5491,0.4771,166779302,2742376571,0.013764179,1.61746E+11,
2017/2/5,'600030,中信证券,16.37,16.55,16.36,16.55,16.48,-0.11,-0.6675,0.278,27282298,448302077,0.002251589,1.60666E+11,
2017/2/12,'600030,中信证券,16.67,16.76,16.19,16.41,16.51,0.16,0.9691,0.8179,301639679,4969321707,0.024894112,1.6361E+11,
2017/2/19,'600030,中信证券,16.67,17.08,16.51,16.69,16.72,-0.05,-0.299,1.2336,383539159,6421634744,0.031653219,1.6361E+11,
2017/2/26,'600030,中信证券,16.71,17.1,16.58,16.67,16.66,0.05,0.3001,0.5245,351086171,5891984012,0.028974897,1.64003E+11,
2017/3/5,'600030,中信证券,16.37,16.77,16.29,16.65,16.46,-0.09,-0.5468,0.5776,254481838,4206835394,0.021002209,1.60666E+11,
2017/3/12,'600030,中信证券,16.24,16.47,16.22,16.34,16.33,-0.09,-0.5511,0.2538,187594147,3067752539,0.015482014,1.5939E+11,
2017/3/19,'600030,中信证券,16.31,16.64,16.12,16.24,16.58,-0.27,-1.6285,0.6381,277600640,4556086210,0.022910187,1.60077E+11,
2017/3/26,'600030,中信证券,16.29,16.37,16.03,16.36,16.15,0.14,0.8669,0.7595,276531874,4477019157,0.022821983,1.59881E+11,
2017/4/2,'600030,中信证券,16.11,16.39,15.99,16.26,16.07,0.04,0.2489,0.3938,218917110,3535581471,0.018067076,1.58114E+11,
2017/4/9,'600030,中信证券,16.28,16.33,16.12,16.13,16.24,0.04,0.2463,0.4954,151521058,2462548662,0.012504927,1.59783E+11,
2017/4/16,'600030,中信证券,16.18,16.49,16.06,16.27,16.29,-0.11,-0.6753,0.6037,294052493,4785689545,0.024267947,1.58801E+11,
2017/4/23,'600030,中信证券,16.25,16.26,15.86,16.11,16.1,0.15,0.9317,0.4753,220131181,3537721338,0.018167273,1.59488E+11,
2017/4/30,'600030,中信证券,16.23,16.34,16.04,16.2,16.23,0,0,0.386,254165249,4117886414,0.020976081,1.59292E+11,
2017/5/7,'600030,中信证券,15.78,16.26,15.54,16.25,16.06,-0.28,-1.7435,1.4161,241577135,3839830765,0.019937192,1.54875E+11,
2017/5/14,'600030,中信证券,15.65,15.81,15.25,15.62,15.52,0.13,0.8376,0.4822,222464070,3464627868,0.018359805,1.53599E+11,
2017/5/21,'600030,中信证券,15.71,16.04,15.67,15.67,15.68,0.03,0.1913,0.2566,211602549,3349251183,0.017463411,1.54188E+11,
2017/5/28,'600030,中信证券,16.39,16.68,15.48,15.71,16.41,-0.02,-0.1219,1.232,414236265,6686568062,0.03418663,1.60862E+11,
2017/6/4,'600030,中信证券,16.38,16.76,16.28,16.52,16.37,0.01,0.0611,0.5582,193050755,3177973598,0.015932344,1.60764E+11,
2017/6/11,'600030,中信证券,16.57,16.75,16.13,16.36,16.44,0.13,0.7908,1.1825,333722410,5479242849,0.027541878,1.62629E+11,
2017/6/18,'600030,中信证券,16.31,16.73,16.29,16.51,16.46,-0.15,-0.9113,0.3945,258142998,4244842642,0.021304362,1.60077E+11,
2017/6/25,'600030,中信证券,16.94,17.18,16.25,16.26,16.9,0.04,0.2367,0.9442,545853809,9188684247,0.045048934,1.6626E+11,
2017/7/2,'600030,中信证券,17.02,17.41,16.82,16.94,17.09,-0.07,-0.4096,0.7653,532770288,9136007337,0.04396916,1.67046E+11,
2017/7/9,'600030,中信证券,16.95,17.05,16.6,17,16.73,0.22,1.315,0.9115,376243612,6322371066,0.031051123,1.66359E+11,
2017/7/16,'600030,中信证券,17.38,17.53,16.91,16.93,17.49,-0.11,-0.6289,0.956,670186434,11576026325,0.055310019,1.70579E+11,
2017/7/23,'600030,中信证券,17.52,17.83,16.64,17.32,17.61,-0.09,-0.5111,0.952,780868987,13527911896,0.064444573,1.71953E+11,
2017/7/30,'600030,中信证券,17.28,17.69,17.21,17.49,17.43,-0.15,-0.8606,0.5447,444411278,7752429193,0.036676953,1.69597E+11,
2017/8/6,'600030,中信证券,17.56,17.86,17.21,17.27,17.5,0.06,0.3429,1.458,633011273,11141215960,0.052241979,1.72345E+11,
2017/8/13,'600030,中信证券,16.87,17.52,16.85,17.46,17.22,-0.35,-2.0325,0.9166,478126768,8225035524,0.039459469,1.65573E+11,
2017/8/20,'600030,XD中信证,16.7,17.18,16.68,16.92,16.81,-0.11,-0.6544,0.4939,280058074,4755836059,0.023112998,1.63905E+11,
2017/8/27,'600030,中信证券,17.14,17.15,16.6,16.7,16.65,0.49,2.9429,1.5943,381179390,6435678407,0.031458469,1.68223E+11,
2017/9/3,'600030,中信证券,18.3,18.52,17.27,17.31,18.23,0.07,0.384,1.4078,1026149132,18611618001,0.084687372,1.79608E+11,
2017/9/10,'600030,中信证券,17.77,18.35,17.72,18.27,17.95,-0.18,-1.0028,0.8116,446408678,8072974819,0.036841797,1.74407E+11,
2017/9/17,'600030,中信证券,18.03,18.22,17.66,17.7,17.97,0.06,0.3339,0.8018,418927752,7524671142,0.034573815,1.76958E+11,
2017/9/24,'600030,中信证券,18.14,18.48,17.81,18.08,18.11,0.03,0.1657,1.0312,504583315,9190243399,0.041642909,1.78038E+11,
2017/10/1,'600030,中信证券,18.19,18.35,17.89,18.1,18.03,0.16,0.8874,0.8648,313420592,5670006308,0.025866383,1.78529E+11,
2017/10/15,'600030,中信证券,18,18.76,17.92,18.64,18,0,0,0.4926,370351950,6728819861,0.030564888,1.76664E+11,
2017/10/22,'600030,中信证券,17.78,18.23,17.68,18,17.79,-0.01,-0.0562,0.405,319886196,5739496824,0.026399985,1.74505E+11,
2017/10/29,'600030,中信证券,17.86,18.05,17.53,17.79,17.92,-0.06,-0.3348,0.4952,274648550,4889915484,0.022666553,1.7529E+11,
2017/11/5,'600030,中信证券,17.27,17.83,16.94,17.8,17.23,0.04,0.2322,0.7658,387781010,6703056249,0.032003296,1.69499E+11,
2017/11/12,'600030,中信证券,18.39,18.52,16.99,17.11,18.28,0.11,0.6018,1.7145,708113842,12748715362,0.058440142,1.80492E+11,
2017/11/19,'600030,中信证券,18.3,18.61,17.77,18.37,17.82,0.48,2.6936,2.3474,652899217,11853107222,0.053883317,1.79608E+11,
2017/11/26,'600030,中信证券,19.01,19.95,17.4,18.15,19.15,-0.14,-0.7311,2.2157,1471590296,28096004298,0.121449321,1.86577E+11,
2017/12/3,'600030,中信证券,18.94,19.9,18.5,18.89,19.19,-0.25,-1.3028,1.6126,914077423,17456977562,0.075438172,1.8589E+11,
2017/12/10,'600030,中信证券,18.51,19.45,18.4,18.8,18.61,-0.1,-0.5373,0.9853,720436613,13670741507,0.059457131,1.81669E+11,
2017/12/17,'600030,中信证券,17.95,18.78,17.92,18.46,18.14,-0.19,-1.0474,0.792,408475680,7500014803,0.033711213,1.76173E+11,
2017/12/24,'600030,中信证券,18.19,18.33,17.78,17.95,18.19,0,0,0.5385,392319280,7105757359,0.032377837,1.78529E+11,
2017/12/31,'600030,中信证券,18.1,18.45,17.95,18.23,18.12,-0.02,-0.1104,0.6557,410537177,7483163738,0.033881347,1.77645E+11,
2018/1/7,'600030,中信证券,18.88,19.09,18.13,18.13,18.67,0.21,1.1248,1.7615,578971679,10806866707,0.047782129,1.85301E+11,
2018/1/14,'600030,中信证券,19.33,19.87,18.91,19,19.28,0.05,0.2593,1.0658,761131857,14765675487,0.062815681,1.89717E+11,
2018/1/21,'600030,中信证券,21.29,21.89,18.98,19.25,21.41,-0.12,-0.5605,3.6987,1613783312,33547487041,0.133184411,2.08954E+11,
2018/1/28,'600030,中信证券,22.34,22.95,20.9,21.1,22.33,0.01,0.0448,2.5676,1593082012,35003437555,0.131475947,2.1926E+11,
2018/2/4,'600030,中信证券,21.52,22.73,20.81,22.47,21.5,0.02,0.093,2.048,1236564373,26797860224,0.102052795,2.11212E+11,
2018/2/11,'600030,中信证券,17.35,21.86,17.32,21.01,19.24,-1.89,-9.8233,3.544,1357899575,27013053364,0.112066505,1.70284E+11,
2018/2/18,'600030,中信证券,17.63,18.04,17.12,17.42,17.62,0.01,0.0568,1.0565,469199186,8243543847,0.038722682,1.73032E+11,
2018/2/25,'600030,中信证券,18.19,18.45,17.75,17.99,18.01,0.18,0.9994,1.615,314521852,5689693851,0.025957269,1.78529E+11,
2018/3/4,'600030,中信证券,17.83,18.88,17.79,18.4,18.13,-0.3,-1.6547,0.9169,727175288,13250611738,0.060013269,1.74995E+11,
2018/3/11,'600030,中信证券,18.86,18.95,17.81,17.83,18.39,0.47,2.5557,1.7052,621344759,11401569197,0.05127915,1.85105E+11,
2018/3/18,'600030,中信证券,18.95,19.43,18.89,19.05,19.3,-0.35,-1.8135,1.1177,301067499,5755111514,0.024846891,1.85988E+11,
